file_id,loc,sloc,cyclomatic_avg,cyclomatic_max,function_count,class_count,nesting_depth_max,nesting_depth_avg,comment_ratio,avg_var_name_len,unique_var_count,halstead_vocab,parse_error
code_0001,132,108,1.7142857142857142,4,7,0,6,2.5,0.0,7.4091,22,0,False
code_0002,101,81,1.7142857142857142,5,7,0,5,2.6,0.0,7.5,16,0,False
code_0003,112,91,1.5,3,7,1,4,2.0,0.0,7.7391,23,0,False
code_0004,141,115,1.8571428571428572,3,7,0,7,2.8333,0.0,7.4667,15,0,False
code_0005,82,62,1.375,3,10,0,2,1.1429,0.07317073170731707,7.5714,7,0,False
code_0006,145,111,1.6521739130434783,5,18,5,3,1.625,0.0,8.4286,14,0,False
code_0007,194,152,1.6896551724137931,4,23,6,3,1.3333,0.0,8.25,20,0,False
code_0008,228,177,1.9615384615384615,10,21,5,4,1.75,0.0,6.3182,22,0,False
code_0009,220,169,1.6785714285714286,4,22,6,1,1.0,0.0,6.9375,16,0,False
code_0010,168,128,1.5416666666666667,3,19,5,1,1.0,0.0,7.9167,12,0,False
code_0011,0,0,1.0,1,0,0,0,0.0,0.0,0.0,0,0,False
code_0012,71,51,2.2,3,8,2,2,1.125,0.014084507042253521,7.875,16,0,False
code_0013,143,86,1.5625,3,15,3,1,1.0,0.13286713286713286,6.1429,7,0,False
code_0014,153,96,1.6428571428571428,3,13,1,2,1.2857,0.10457516339869281,7.8095,21,0,False
code_0015,146,93,2.5833333333333335,5,7,5,2,1.1667,0.1095890410958904,8.8571,14,0,False
code_0016,130,95,1.0,1,8,0,1,1.0,0.007692307692307693,8.4444,9,0,False
code_0017,91,61,2.75,4,4,0,4,1.8333,0.01098901098901099,5.5,20,0,False
code_0018,118,89,1.1428571428571428,2,7,0,1,1.0,0.00847457627118644,6.4,10,0,False
code_0019,102,78,1.5,3,6,0,2,1.25,0.00980392156862745,6.2353,17,0,False
code_0020,120,75,1.6363636363636365,4,11,0,3,1.375,0.008333333333333333,5.75,12,0,False
code_0021,96,71,1.6923076923076923,3,8,5,2,1.2,0.010416666666666666,6.2308,13,0,False
code_0022,94,73,2.3846153846153846,4,10,3,4,1.8462,0.010638297872340425,6.875,8,0,False
code_0023,102,76,2.1333333333333333,6,12,3,4,1.8182,0.00980392156862745,4.3636,11,0,False
code_0024,101,72,2.1875,5,12,4,3,1.6667,0.009900990099009901,4.6667,9,0,False
code_0025,113,81,1.894736842105263,6,14,5,1,1.0,0.008849557522123894,2.75,4,0,False
code_0026,110,84,1.8571428571428572,3,11,3,2,1.2222,0.01818181818181818,5.3846,13,0,False
code_0027,121,94,1.7142857142857142,3,11,3,2,1.1667,0.01652892561983471,6.0,22,0,False
code_0028,159,115,2.6,5,12,3,2,1.1538,0.012578616352201259,8.4444,27,0,False
code_0029,152,108,2.9,6,8,2,3,1.5333,0.013157894736842105,6.9722,36,0,False
code_0030,105,75,2.076923076923077,6,10,3,2,1.2222,0.01904761904761905,5.5,12,0,False
code_0031,124,91,1.1428571428571428,2,7,0,1,1.0,0.008064516129032258,5.4118,17,0,False
code_0032,97,65,1.25,2,8,0,1,1.0,0.010309278350515464,4.7692,13,0,False
code_0033,129,94,1.0,1,6,0,1,1.0,0.007751937984496124,6.5882,17,0,False
code_0034,121,87,1.2,2,5,0,1,1.0,0.008264462809917356,7.0952,21,0,False
code_0035,159,112,1.8571428571428572,7,7,0,1,1.0,0.006289308176100629,5.4,15,0,False
code_0036,109,78,1.8571428571428572,3,7,0,3,1.4615,0.009174311926605505,6.84,25,0,False
code_0037,129,100,2.6,13,9,1,7,3.0833,0.007751937984496124,5.0,14,0,False
code_0038,141,106,2.5384615384615383,9,12,1,7,2.2273,0.0070921985815602835,7.0714,14,0,False
code_0039,156,116,2.727272727272727,10,10,1,8,2.3077,0.00641025641025641,6.0,14,0,False
code_0040,112,87,1.9090909090909092,6,9,2,2,1.375,0.03571428571428571,5.25,8,0,False
code_0041,97,67,1.1666666666666667,2,6,0,1,1.0,0.010309278350515464,6.5263,19,0,False
code_0042,80,50,1.0,1,6,0,1,1.0,0.0125,6.7273,11,0,False
code_0043,96,67,1.0,1,6,0,1,1.0,0.010416666666666666,7.4,10,0,False
code_0044,110,77,1.8333333333333333,6,6,0,3,1.6667,0.00909090909090909,7.25,12,0,False
code_0045,67,41,2.4,6,5,0,3,1.5,0.014925373134328358,6.4444,18,0,False
code_0046,83,67,1.3333333333333333,2,3,0,1,1.0,0.0,5.0,3,0,False
code_0047,125,102,1.6666666666666667,3,3,0,1,1.0,0.0,6.5,4,0,False
code_0048,115,93,2.5,5,6,0,1,1.0,0.0,4.0,8,0,False
code_0049,114,94,2.3333333333333335,4,6,0,2,1.25,0.0,7.1,10,0,False
code_0050,64,36,5.0,5,1,0,3,1.7778,0.234375,7.9048,21,0,False
code_0051,102,73,2.8,7,5,0,2,1.2857,0.00980392156862745,4.4348,23,0,False
code_0052,67,57,1.75,3,4,0,2,1.25,0.0,8.4286,14,0,False
code_0053,105,81,2.142857142857143,3,7,0,2,1.1429,0.0,8.2258,31,0,False
code_0054,92,68,1.5714285714285714,2,7,0,1,1.0,0.0,7.9167,12,0,False
code_0055,118,80,1.8888888888888888,4,9,0,2,1.3333,0.0,7.8125,16,0,False
code_0056,140,102,2.1818181818181817,4,10,1,2,1.2353,0.014285714285714285,6.8824,17,0,False
code_0057,109,72,2.6666666666666665,3,4,0,2,1.3333,0.03669724770642202,8.7917,24,0,False
code_0058,208,156,2.3333333333333335,5,17,1,2,1.1071,0.004807692307692308,6.6471,17,0,False
code_0059,136,87,2.4444444444444446,13,9,0,7,2.1,0.007352941176470588,6.1818,11,0,False
code_0060,167,116,2.375,9,14,2,6,1.875,0.005988023952095809,5.4444,18,0,False
code_0061,102,73,2.8,7,5,0,2,1.2857,0.00980392156862745,4.4348,23,0,False
code_0062,0,0,1.0,1,0,0,0,0.0,0.0,0.0,0,0,False
code_0063,97,70,2.0,5,6,0,2,1.4,0.010309278350515464,5.0,25,0,False
code_0064,99,70,2.0,4,6,0,2,1.2,0.010101010101010102,4.625,24,0,False
code_0065,91,57,1.6,4,5,0,2,1.5,0.01098901098901099,3.6923,26,0,False
code_0066,42,29,3.0,3,1,0,2,1.25,0.023809523809523808,4.6,10,0,False
code_0067,30,20,1.0,1,1,0,2,1.5,0.03333333333333333,8.0,6,0,False
code_0068,59,42,4.0,4,1,0,2,1.5,0.01694915254237288,5.5417,24,0,False
code_0069,37,28,1.5,2,2,0,3,1.8,0.02702702702702703,5.8,5,0,False
code_0070,75,55,3.0,4,2,0,3,1.625,0.013333333333333334,5.1538,26,0,False
code_0071,58,41,2.0,4,2,1,2,1.3333,0.08620689655172414,7.2857,7,0,False
code_0072,154,126,1.0,1,4,0,1,1.0,0.025974025974025976,10.5385,13,0,False
code_0073,104,69,1.8,6,9,1,3,1.5556,0.0,6.5625,16,0,False
code_0074,104,72,2.0,4,7,2,2,1.1667,0.0,7.8571,14,0,False
code_0075,44,33,3.3333333333333335,7,3,0,2,1.25,0.022727272727272728,7.75,8,0,False
code_0076,42,29,2.6666666666666665,4,3,0,2,1.3333,0.023809523809523808,7.5,4,0,False
code_0077,63,49,2.2,5,5,0,3,1.7143,0.015873015873015872,6.7692,13,0,False
code_0078,28,21,2.5,4,2,0,1,1.0,0.03571428571428571,7.8,5,0,False
code_0079,50,40,2.1666666666666665,4,6,0,2,1.25,0.02,5.1333,15,0,False
code_0080,68,50,3.0,6,3,0,1,1.0,0.014705882352941176,6.1818,11,0,False
code_0081,85,57,4.0,5,4,0,2,1.4545,0.011764705882352941,4.6842,19,0,False
code_0082,55,37,1.75,2,4,0,1,1.0,0.01818181818181818,6.5,10,0,False
code_0083,75,52,2.2,5,5,0,1,1.0,0.013333333333333334,4.8571,14,0,False
code_0084,142,103,2.5555555555555554,6,8,1,3,1.25,0.028169014084507043,7.3636,22,0,False
code_0085,116,80,1.9,5,9,1,4,1.6923,0.034482758620689655,5.6875,16,0,False
code_0086,121,83,1.7,4,8,2,1,1.0,0.03305785123966942,6.5294,17,0,False
code_0087,139,94,1.4,4,9,1,1,1.0,0.02877697841726619,9.0,20,0,False
code_0088,135,93,1.4545454545454546,3,9,2,1,1.0,0.02962962962962963,7.2667,15,0,False
code_0089,76,55,1.8181818181818181,3,7,4,1,1.0,0.013157894736842105,6.8,10,0,False
code_0090,52,37,2.0,3,4,1,1,1.0,0.038461538461538464,8.1667,6,0,False
code_0091,74,53,1.8181818181818181,3,7,4,2,1.3333,0.013513513513513514,8.25,8,0,False
code_0092,73,54,1.8181818181818181,3,7,4,1,1.0,0.0136986301369863,6.75,8,0,False
code_0093,74,55,1.8181818181818181,3,7,4,1,1.0,0.013513513513513514,6.125,8,0,False
code_0094,33,24,2.0,3,2,0,1,1.0,0.0,5.6667,6,0,False
code_0095,47,39,1.4285714285714286,2,5,2,1,1.0,0.0,8.5556,9,0,False
code_0096,72,61,1.75,2,4,0,1,1.0,0.0,5.1538,13,0,False
code_0097,49,40,1.3333333333333333,2,3,0,1,1.0,0.0,5.4286,7,0,False
code_0098,53,41,3.25,5,3,1,2,1.1429,0.0,7.0,6,0,False
code_0099,79,53,2.4,5,5,0,2,1.4286,0.0379746835443038,7.0,10,0,False
code_0100,46,35,2.0,3,3,0,2,1.25,0.06521739130434782,8.2,5,0,False
code_0101,65,48,2.3333333333333335,4,6,0,3,1.5714,0.06153846153846154,8.5714,7,0,False
code_0102,53,39,1.4,3,5,0,2,1.3333,0.05660377358490566,6.6667,3,0,False
code_0103,69,51,1.4,3,5,0,2,1.3333,0.043478260869565216,7.0,4,0,False
code_0104,99,73,2.25,4,4,0,1,1.0,0.0,8.5833,24,0,False
code_0105,61,45,1.6666666666666667,3,3,0,1,1.0,0.0,5.7,10,0,False
code_0106,93,65,1.4285714285714286,3,7,0,1,1.0,0.03225806451612903,7.2143,14,0,False
code_0107,96,77,3.5,5,2,0,1,1.0,0.0,5.0,13,0,False
code_0108,94,66,2.0,6,6,0,5,2.4286,0.02127659574468085,6.2727,11,0,False
code_0109,69,53,4.5,8,3,1,6,2.9091,0.0,6.6,5,0,False
code_0110,43,31,2.25,4,3,1,3,1.5,0.0,5.7143,7,0,False
code_0111,65,49,2.5,5,5,1,3,1.5714,0.0,4.5714,7,0,False
code_0112,89,68,2.625,6,7,1,4,2.0833,0.0,7.3846,13,0,False
code_0113,77,54,2.2,4,5,0,1,1.0,0.0,5.7222,18,0,False
code_0114,35,26,2.0,3,3,0,2,1.2,0.02857142857142857,6.0,4,0,False
code_0115,61,42,5.333333333333333,9,3,0,3,1.4545,0.01639344262295082,4.8,5,0,False
code_0116,55,40,3.5,6,4,0,2,1.2857,0.01818181818181818,5.0909,11,0,False
code_0117,55,41,2.0,4,4,0,1,1.0,0.01818181818181818,6.5,4,0,False
code_0118,75,58,3.0,5,4,0,3,1.5556,0.013333333333333334,4.7143,7,0,False
code_0119,54,43,2.6666666666666665,6,3,0,4,2.2,0.0,7.6154,13,0,False
code_0120,51,42,1.5,2,2,0,1,1.0,0.0,7.2857,7,0,False
code_0121,54,41,2.0,3,4,0,2,1.25,0.0,7.625,16,0,False
code_0122,79,61,2.8,4,5,0,4,1.9231,0.0,6.8333,18,0,False
code_0123,85,68,1.75,3,6,2,1,1.0,0.0,8.0,4,0,False
code_0124,58,37,2.0,3,4,0,1,1.0,0.017241379310344827,4.3333,3,0,False
code_0125,57,43,4.0,7,2,0,1,1.0,0.017543859649122806,5.6667,3,0,False
code_0126,101,74,2.25,5,4,0,2,1.4286,0.0,5.6471,34,0,False
code_0127,56,42,1.4,3,5,0,2,1.5,0.0,3.8571,14,0,False
code_0128,78,55,3.3333333333333335,6,3,0,2,1.5,0.0,5.9565,23,0,False
code_0129,165,130,1.9230769230769231,3,10,3,2,1.3,0.012121212121212121,6.7647,17,0,False
code_0130,158,117,1.4444444444444444,3,9,0,2,1.125,0.006329113924050633,6.7586,29,0,False
code_0131,238,180,2.076923076923077,4,13,0,1,1.0,0.004201680672268907,4.7368,19,0,False
code_0132,211,164,1.6666666666666667,6,9,0,1,1.0,0.004739336492890996,5.4286,14,0,False
code_0133,173,137,1.6,2,5,0,1,1.0,0.023121387283236993,4.6667,9,0,False
code_0134,127,87,1.75,4,11,1,2,1.2857,0.031496062992125984,4.9474,19,0,False
code_0135,135,91,2.090909090909091,4,11,0,4,1.55,0.05185185185185185,6.3333,18,0,False
code_0136,152,99,1.9,4,10,0,4,1.5625,0.03289473684210526,6.6,25,0,False
code_0137,208,153,1.5833333333333333,3,12,0,1,1.0,0.03365384615384615,7.2105,19,0,False
code_0138,52,34,2.0,3,2,0,3,2.1667,0.019230769230769232,5.7,10,0,False
code_0139,96,71,2.0,4,3,0,1,1.0,0.010416666666666666,6.3846,13,0,False
code_0140,93,62,2.25,4,4,0,3,1.4286,0.010752688172043012,10.2105,19,0,False
code_0141,102,69,2.75,5,4,0,1,1.0,0.00980392156862745,5.95,20,0,False
code_0142,101,68,4.25,8,4,0,2,1.5,0.009900990099009901,5.5,22,0,False
code_0143,83,64,1.2,2,5,0,1,1.0,0.012048192771084338,10.125,8,0,False
code_0144,157,122,1.0,1,2,0,1,1.0,0.006369426751592357,9.3333,6,0,False
code_0145,70,50,1.5,2,2,0,1,1.0,0.014285714285714285,6.5,2,0,False
code_0146,128,73,1.6,3,6,0,1,1.0,0.1484375,7.0,29,0,False
code_0147,91,69,1.4,2,5,0,2,1.25,0.08791208791208792,6.625,8,0,False
code_0148,57,44,3.0,5,2,0,3,1.8,0.05263157894736842,9.125,8,0,False
code_0149,84,61,2.0,3,2,1,1,1.0,0.10714285714285714,10.1667,12,0,False
code_0150,83,59,2.2,4,4,1,1,1.0,0.0963855421686747,6.3636,11,0,False
code_0151,67,51,1.1666666666666667,2,8,0,1,1.0,0.07462686567164178,10.0,2,0,False
code_0152,124,95,1.6470588235294117,4,13,4,2,1.4286,0.04838709677419355,7.3636,11,0,False
code_0153,53,43,1.75,3,6,2,2,1.3333,0.018867924528301886,5.4,5,0,False
code_0154,44,35,2.0,3,4,1,1,1.0,0.045454545454545456,6.6,5,0,False
code_0155,35,29,1.8333333333333333,3,4,2,1,1.0,0.02857142857142857,6.75,4,0,False
code_0156,34,22,1.6,3,4,1,1,1.0,0.11764705882352941,9.0,5,0,False
code_0157,62,47,6.0,6,1,0,4,2.2,0.06451612903225806,8.375,16,0,False
code_0158,45,40,2.5,3,2,0,4,2.2,0.0,9.7,10,0,False
code_0159,35,24,1.0,1,1,0,1,1.0,0.14285714285714285,4.5,4,0,False
code_0160,32,25,1.0,1,2,0,1,1.0,0.03125,7.1429,7,0,False
code_0161,35,25,3.0,3,1,0,2,1.5,0.08571428571428572,6.5,4,0,False
code_0162,54,51,1.0,1,2,0,1,1.0,0.0,10.0,3,0,False
code_0163,32,23,2.0,2,1,0,2,1.3333,0.09375,8.0,5,0,False
code_0164,40,32,1.0,1,1,0,1,1.0,0.075,3.0,2,0,False
code_0165,36,32,1.0,1,1,0,1,1.0,0.0,12.3333,3,0,False
code_0166,46,40,1.0,1,1,0,1,1.0,0.0,7.0,2,0,False
code_0167,22,17,1.6,3,4,1,2,1.3333,0.0,7.0,1,0,False
code_0168,21,18,1.0,1,1,0,1,1.0,0.047619047619047616,15.0,1,0,False
code_0169,19,16,1.0,1,1,0,1,1.0,0.05263157894736842,10.0,1,0,False
code_0170,21,18,1.0,1,1,0,1,1.0,0.047619047619047616,12.0,1,0,False
code_0171,16,13,1.0,1,1,0,1,1.0,0.0625,14.0,1,0,False
code_0172,34,30,1.25,2,3,1,2,1.5,0.0,6.2857,7,0,False
code_0173,25,21,2.25,3,3,1,2,1.3333,0.0,6.0,9,0,False
code_0174,21,18,4.5,5,1,1,1,1.0,0.0,7.0,3,0,False
code_0175,22,16,2.25,3,3,1,1,1.0,0.045454545454545456,6.5556,9,0,False
code_0176,20,15,3.3333333333333335,5,2,1,2,1.25,0.05,10.5,4,0,False
code_0177,27,23,1.0,1,0,0,0,0.0,0.0,6.0,11,0,False
code_0178,28,23,1.0,1,0,0,0,0.0,0.0,5.8,5,0,False
code_0179,19,15,1.0,1,0,0,0,0.0,0.0,7.5,2,0,False
code_0180,23,17,1.0,1,0,0,0,0.0,0.0,8.4286,7,0,False
code_0181,18,14,1.0,1,0,0,0,0.0,0.0,6.0,4,0,False
code_0182,25,19,1.5,2,2,0,2,1.4,0.0,7.6667,6,0,False
code_0183,31,23,1.0,1,1,0,1,1.0,0.0,4.6667,3,0,False
code_0184,31,26,2.5,3,3,1,3,1.4286,0.0,5.875,8,0,False
code_0185,26,21,5.0,5,1,0,3,1.6667,0.0,9.375,8,0,False
code_0186,37,33,2.5,4,3,1,3,1.6,0.0,7.0,4,0,False
code_0187,33,27,1.0,1,1,0,1,1.0,0.0,6.8333,6,0,False
code_0188,26,21,2.0,2,1,0,1,1.0,0.0,5.0,7,0,False
code_0189,25,20,1.0,1,1,0,1,1.0,0.0,6.0,4,0,False
code_0190,39,33,2.0,3,2,0,2,1.3333,0.0,7.5,4,0,False
code_0191,34,27,1.0,1,2,0,1,1.0,0.0,12.0,10,0,False
code_0192,58,51,1.0,1,3,0,1,1.0,0.0,6.0,4,0,False
code_0193,49,42,1.0,1,1,0,1,1.0,0.0,3.5,2,0,False
code_0194,25,18,3.0,5,2,0,3,1.8,0.04,3.6667,3,0,False
code_0195,32,26,2.0,3,3,0,1,1.0,0.0,6.75,4,0,False
code_0196,26,20,1.0,1,1,0,1,1.0,0.0,9.7,10,0,False
code_0197,26,21,3.0,3,1,0,2,1.3333,0.038461538461538464,6.8,5,0,False
code_0198,21,16,2.0,2,1,0,1,1.0,0.047619047619047616,7.75,4,0,False
code_0199,19,13,2.0,2,1,0,1,1.0,0.05263157894736842,5.6667,6,0,False
code_0200,24,19,1.25,2,3,1,1,1.0,0.041666666666666664,7.5,4,0,False
code_0201,30,25,2.5,4,3,1,3,1.6,0.03333333333333333,7.8,5,0,False
code_0202,117,90,2.0,4,10,1,3,1.4286,0.05128205128205128,7.5455,11,0,False
code_0203,121,89,3.0,6,6,1,2,1.3636,0.05785123966942149,7.4737,19,0,False
code_0204,110,83,2.5,7,9,1,3,1.3333,0.06363636363636363,6.6667,6,0,False
code_0205,175,136,2.6923076923076925,7,12,1,3,1.3704,0.05142857142857143,6.6,20,0,False
code_0206,125,100,1.9230769230769231,3,12,2,3,1.5,0.048,6.9048,21,0,False
code_0207,66,50,4.0,6,3,0,3,1.5714,0.07575757575757576,6.5,8,0,False
code_0208,68,52,2.1666666666666665,6,5,1,2,1.5,0.07352941176470588,6.9375,16,0,False
code_0209,58,46,2.0,4,4,1,2,1.25,0.05172413793103448,6.625,8,0,False
code_0210,74,57,2.0,4,5,1,1,1.0,0.013513513513513514,6.24,25,0,False
code_0211,73,59,2.0,4,5,1,3,1.6,0.0136986301369863,5.2667,15,0,False
code_0212,40,23,3.0,3,1,0,2,1.25,0.225,3.75,8,0,False
code_0213,34,23,2.0,2,1,0,2,1.5,0.14705882352941177,2.625,8,0,False
code_0214,62,44,3.0,3,1,0,2,1.4,0.12903225806451613,7.6667,12,0,False
code_0215,36,25,3.0,3,1,0,3,1.8,0.1388888888888889,9.5714,7,0,False
code_0216,49,29,2.0,2,1,0,2,1.3333,0.1836734693877551,8.4545,11,0,False
code_0217,67,43,2.6666666666666665,6,3,0,2,1.4,0.14925373134328357,7.1111,9,0,False
code_0218,108,89,1.0,1,1,0,1,1.0,0.046296296296296294,9.75,4,0,False
code_0219,92,65,1.0,1,1,0,1,1.0,0.10869565217391304,9.3333,3,0,False
code_0220,55,32,1.2,2,4,1,1,1.0,0.18181818181818182,11.875,8,0,False
code_0221,53,39,4.5,7,2,0,2,1.25,0.09433962264150944,8.3333,9,0,False
code_0222,34,25,3.0,3,2,0,2,1.4,0.0,7.5,4,0,False
code_0223,45,34,2.5,3,2,0,2,1.25,0.044444444444444446,6.8889,9,0,False
code_0224,40,33,2.0,2,2,0,1,1.0,0.025,7.4444,9,0,False
code_0225,61,42,5.0,9,2,0,1,1.0,0.09836065573770492,9.0714,14,0,False
code_0226,61,46,3.5,6,2,0,1,1.0,0.06557377049180328,9.0,6,0,False
code_0227,64,44,2.0,3,3,0,2,1.25,0.09375,12.4286,7,0,False
code_0228,56,43,1.5,2,2,0,1,1.0,0.05357142857142857,10.8,5,0,False
code_0229,63,46,2.3333333333333335,3,3,0,2,1.25,0.07936507936507936,9.2222,9,0,False
code_0230,114,86,1.6666666666666667,3,8,4,2,1.2,0.07017543859649122,8.2222,18,0,False
code_0231,96,75,1.9,4,7,3,2,1.3333,0.0625,8.1739,23,0,False
code_0232,99,73,1.7,4,5,5,2,1.6,0.09090909090909091,9.125,16,0,False
code_0233,119,96,2.0,4,4,4,4,1.7778,0.03361344537815126,8.9259,27,0,False
code_0234,106,84,1.75,3,5,3,2,1.3333,0.03773584905660377,8.1429,21,0,False
code_0235,51,39,2.0,3,3,0,2,1.3333,0.0784313725490196,7.0,5,0,False
code_0236,39,31,1.0,1,3,0,1,1.0,0.05128205128205128,10.5,4,0,False
code_0237,50,40,3.0,5,2,0,4,2.2,0.08,11.0,2,0,False
code_0238,37,28,1.0,1,2,0,1,1.0,0.05405405405405406,12.0,2,0,False
code_0239,34,25,1.0,1,2,0,1,1.0,0.058823529411764705,12.0,2,0,False
code_0240,57,36,3.0,3,1,0,1,1.0,0.14035087719298245,6.1667,6,0,False
code_0241,58,41,2.5,3,2,0,2,1.25,0.10344827586206896,10.25,8,0,False
code_0242,97,69,2.0,2,3,0,1,1.0,0.1134020618556701,5.7692,13,0,False
code_0243,55,40,2.0,3,2,0,1,1.0,0.10909090909090909,6.0,5,0,False
code_0244,57,42,3.0,3,1,0,1,1.0,0.08771929824561403,9.6667,9,0,False
code_0245,66,48,2.2,4,4,1,2,1.1667,0.07575757575757576,6.1667,6,0,False
code_0246,61,49,2.0,4,4,1,2,1.3333,0.04918032786885246,8.7143,7,0,False
code_0247,68,49,2.0,4,4,1,3,1.75,0.08823529411764706,10.6667,6,0,False
code_0248,85,67,2.0,3,4,1,1,1.0,0.07058823529411765,9.25,4,0,False
code_0249,62,44,2.4,6,4,1,3,1.6,0.0967741935483871,7.75,4,0,False
code_0250,74,49,1.5,2,4,0,1,1.0,0.14864864864864866,6.3636,11,0,False
code_0251,105,86,1.3333333333333333,2,3,0,1,1.0,0.08571428571428572,9.0,5,0,False
code_0252,105,82,1.5,3,4,0,1,1.0,0.06666666666666667,7.5,12,0,False
code_0253,136,122,3.3333333333333335,8,3,0,1,1.0,0.022058823529411766,6.8333,6,0,False
code_0254,87,55,2.1666666666666665,6,5,1,2,1.25,0.19540229885057472,6.625,8,0,False
code_0255,77,60,6.5,11,3,1,5,2.7143,0.05194805194805195,5.3333,9,0,False
code_0256,76,52,4.0,5,3,1,5,2.0,0.07894736842105263,5.5556,9,0,False
code_0257,71,59,3.5,11,5,1,3,1.9,0.014084507042253521,7.5714,7,0,False
code_0258,79,66,3.3333333333333335,9,5,1,5,2.3636,0.012658227848101266,6.3333,12,0,False
code_0259,68,51,2.0,4,4,1,3,1.8571,0.029411764705882353,7.15,20,0,False
code_0260,51,36,1.5,2,5,1,1,1.0,0.09803921568627451,9.1667,6,0,False
code_0261,78,64,3.1666666666666665,6,5,1,2,1.4,0.02564102564102564,6.8,10,0,False
code_0262,66,46,2.6,4,4,1,2,1.5,0.10606060606060606,5.5,10,0,False
code_0263,56,41,2.25,4,3,1,2,1.5,0.07142857142857142,5.0,4,0,False
code_0264,77,66,3.0,5,4,1,4,2.1111,0.012987012987012988,7.0,8,0,False
code_0265,65,47,2.5,4,3,1,3,1.6667,0.1076923076923077,8.25,8,0,False
code_0266,83,69,2.5,4,2,0,2,1.25,0.04819277108433735,9.1,10,0,False
code_0267,64,45,5.0,8,2,1,4,2.375,0.109375,8.3636,11,0,False
code_0268,78,60,6.25,14,3,1,7,3.1333,0.0641025641025641,6.2308,13,0,False
code_0269,83,66,1.5714285714285714,3,6,1,2,1.2,0.04819277108433735,5.7143,7,0,False
code_0270,54,42,4.0,4,1,0,1,1.0,0.037037037037037035,10.4,5,0,False
code_0271,54,43,4.0,4,1,0,1,1.0,0.07407407407407407,7.0,1,0,False
code_0272,67,47,5.0,5,1,0,2,1.25,0.13432835820895522,12.8,5,0,False
code_0273,54,39,4.0,4,1,0,1,1.0,0.12962962962962962,10.25,4,0,False
code_0274,69,54,5.0,5,1,0,1,1.0,0.07246376811594203,9.0,7,0,False
code_0275,71,51,5.0,5,1,0,3,2.0,0.11267605633802817,6.7143,7,0,False
code_0276,78,55,1.5,3,5,1,1,1.0,0.11538461538461539,7.8889,9,0,False
code_0277,102,80,2.125,4,7,1,3,1.4167,0.058823529411764705,5.5455,11,0,False
code_0278,90,69,1.5,2,5,1,1,1.0,0.05555555555555555,7.4444,9,0,False
code_0279,95,74,2.7142857142857144,9,6,1,6,2.6,0.042105263157894736,5.5,6,0,False
code_0280,64,46,4.0,4,1,0,2,1.5,0.09375,8.8333,6,0,False
code_0281,55,41,3.0,4,2,0,4,2.0,0.07272727272727272,8.0667,15,0,False
code_0282,96,70,2.7142857142857144,6,6,1,4,1.8462,0.09375,7.1818,11,0,False
code_0283,83,68,4.5,8,2,0,5,2.8,0.024096385542168676,7.0625,16,0,False
code_0284,66,55,3.0,4,3,0,2,1.3333,0.015151515151515152,6.8333,12,0,False
code_0285,82,63,1.5,2,5,1,1,1.0,0.04878048780487805,5.4167,12,0,False
code_0286,84,67,3.3333333333333335,7,3,0,5,2.4444,0.03571428571428571,6.4375,16,0,False
code_0287,76,61,4.333333333333333,6,3,0,3,1.5,0.02631578947368421,7.3333,18,0,False
code_0288,111,85,6.2,15,4,1,4,2.0526,0.05405405405405406,6.6842,19,0,False
code_0289,59,48,1.3333333333333333,2,3,0,1,1.0,0.03389830508474576,10.125,8,0,False
code_0290,139,105,1.0,1,3,0,1,1.0,0.05755395683453238,11.8,5,0,False
code_0291,74,55,2.0,2,1,0,1,1.0,0.08108108108108109,7.1667,6,0,False
code_0292,116,83,2.1666666666666665,4,5,1,3,1.4286,0.05172413793103448,5.8,15,0,False
code_0293,92,77,3.6666666666666665,5,3,0,3,1.75,0.021739130434782608,5.5833,12,0,False
code_0294,72,57,2.25,5,3,1,2,1.2,0.05555555555555555,5.5,10,0,False
code_0295,109,72,2.0,4,4,0,2,1.2,0.13761467889908258,7.4706,17,0,False
code_0296,98,80,1.6,5,11,1,3,1.4286,0.030612244897959183,7.1429,7,0,False
code_0297,94,72,2.1666666666666665,5,5,1,1,1.0,0.05319148936170213,5.8667,15,0,False
code_0298,61,54,2.1666666666666665,3,5,1,2,1.1667,0.0,7.0,5,0,False
code_0299,181,139,0.0,0,0,0,0,0.0,0.09944751381215469,0.0,0,0,True
code_0300,120,83,2.2,6,3,2,3,1.6,0.175,6.9412,17,0,False
code_0301,125,80,2.75,4,7,1,2,1.5,0.224,4.6667,3,0,False
code_0302,112,99,2.8333333333333335,5,6,0,4,1.7273,0.026785714285714284,7.6111,18,0,False
code_0303,67,58,2.142857142857143,3,6,1,2,1.2857,0.0,7.0,7,0,False
code_0304,163,125,2.0,4,8,1,2,1.4545,0.1165644171779141,5.3333,12,0,False
code_0305,132,81,1.8,4,9,1,2,1.2857,0.18181818181818182,11.3636,11,0,False
code_0306,138,110,2.1538461538461537,4,10,3,3,1.4444,0.07971014492753623,12.0,11,0,False
code_0307,97,66,1.0,1,6,0,2,1.5,0.17525773195876287,8.3125,16,0,False
code_0308,89,72,1.5384615384615385,2,10,3,1,1.0,0.0449438202247191,8.4,5,0,False
code_0309,117,76,2.0,3,3,1,1,1.0,0.15384615384615385,7.5385,13,0,False
code_0310,99,56,1.2,2,5,0,1,1.0,0.21212121212121213,9.65,20,0,False
code_0311,90,50,1.25,2,4,0,1,1.0,0.23333333333333334,9.0,13,0,False
code_0312,200,139,1.5,3,22,4,2,1.1429,0.135,10.2308,13,0,False
code_0313,118,89,1.0,1,0,0,1,1.0,0.0847457627118644,9.6,10,0,False
code_0314,112,84,2.875,7,6,2,3,1.7778,0.14285714285714285,6.75,16,0,False
code_0315,187,144,1.6470588235294117,3,14,3,2,1.1429,0.053475935828877004,8.0,10,0,False
code_0316,157,115,1.5,2,13,3,1,1.0,0.12101910828025478,8.7143,7,0,False
code_0317,104,80,1.4285714285714286,4,5,2,2,1.3333,0.11538461538461539,9.3889,18,0,False
code_0318,106,71,2.25,3,4,0,2,1.3333,0.18867924528301888,8.1818,11,0,False
code_0319,159,118,1.4,3,17,3,2,1.1667,0.11949685534591195,8.8,25,0,False
code_0320,107,61,1.5454545454545454,2,8,3,1,1.0,0.2803738317757009,5.6,5,0,False
code_0321,144,116,3.25,6,3,1,2,1.6667,0.09722222222222222,17.9474,19,0,False
code_0322,93,70,4.0,5,3,0,3,1.8,0.053763440860215055,9.0,18,0,False
code_0323,87,70,2.8,5,5,0,3,1.8,0.05747126436781609,14.8182,11,0,False
code_0324,131,110,1.8333333333333333,2,6,0,1,1.0,0.0916030534351145,11.2308,13,0,False
code_0325,103,66,1.0,1,3,0,1,1.0,0.1650485436893204,13.1667,6,0,False
code_0326,78,56,2.0,3,5,0,2,1.1429,0.15384615384615385,8.2727,11,0,False
code_0327,155,109,4.0,5,4,0,4,2.2308,0.14838709677419354,9.5,12,0,False
code_0328,102,82,4.75,7,4,0,4,1.9167,0.08823529411764706,12.44,25,0,False
code_0329,198,141,1.8333333333333333,2,6,0,1,1.0,0.08585858585858586,10.0909,11,0,False
code_0330,117,75,1.5,2,2,0,1,1.0,0.1794871794871795,10.8125,16,0,False
code_0331,127,87,2.5714285714285716,6,7,0,2,1.4615,0.15748031496062992,13.0,16,0,False
code_0332,96,57,2.5,4,4,0,3,1.4286,0.25,7.9333,15,0,False
code_0333,122,65,4.0,6,2,0,4,2.1429,0.2459016393442623,9.6667,12,0,False
code_0334,95,79,1.0,1,0,0,1,1.0,0.08421052631578947,10.6923,13,0,False
code_0335,93,50,3.0,3,2,0,3,1.6667,0.27956989247311825,8.6,10,0,False
code_0336,151,117,1.3333333333333333,2,12,0,3,2.125,0.09271523178807947,10.85,20,0,False
code_0337,185,135,1.8,2,5,0,2,1.375,0.13513513513513514,8.2857,7,0,False
code_0338,64,51,2.3333333333333335,3,3,0,2,1.3333,0.0625,8.6667,6,0,False
code_0339,112,84,2.0,2,4,0,1,1.0,0.11607142857142858,13.7619,21,0,False
code_0340,94,75,2.0,2,4,0,1,1.0,0.10638297872340426,11.0,4,0,False
code_0341,134,102,2.0,3,7,0,2,1.2222,0.1417910447761194,7.2,5,0,False
code_0342,112,78,2.0,2,5,0,1,1.0,0.16071428571428573,11.7273,11,0,False
code_0343,81,49,3.0,4,2,0,3,1.6,0.2345679012345679,9.1,10,0,False
code_0344,103,74,2.5,3,4,0,2,1.4286,0.1553398058252427,11.8947,19,0,False
code_0345,59,31,3.0,3,1,0,2,1.5,0.23728813559322035,11.4,10,0,False
code_0346,112,92,1.0,1,0,0,2,1.1429,0.08928571428571429,17.0,9,0,False
code_0347,124,97,1.0,1,0,0,3,1.375,0.14516129032258066,7.9167,12,0,False
code_0348,131,101,3.8,8,5,0,3,1.4286,0.12213740458015267,9.4348,23,0,False
code_0349,83,52,1.0,1,0,0,2,1.5,0.18072289156626506,10.4348,23,0,False
code_0350,48,30,2.5,4,2,0,2,1.25,0.20833333333333334,4.6667,3,0,False
code_0351,92,67,1.3333333333333333,2,6,0,1,1.0,0.13043478260869565,9.7273,11,0,False
code_0352,120,83,1.75,2,4,0,1,1.0,0.175,14.7778,9,0,False
code_0353,176,157,1.8,2,5,0,1,1.0,0.028409090909090908,13.4444,9,0,False
code_0354,172,138,1.2,2,5,0,1,1.0,0.10465116279069768,8.5455,11,0,False
code_0355,106,75,1.8333333333333333,2,6,0,1,1.0,0.16981132075471697,11.0,9,0,False
code_0356,171,143,2.0,3,7,0,2,1.1429,0.07602339181286549,8.0,6,0,False
code_0357,163,134,2.0,2,3,0,1,1.0,0.09815950920245399,11.6364,11,0,False
code_0358,71,51,2.6666666666666665,5,3,0,4,2.2,0.15492957746478872,9.8182,11,0,False
code_0359,91,54,2.6666666666666665,4,3,0,3,1.5714,0.24175824175824176,10.0,4,0,False
code_0360,116,87,3.0,3,2,0,1,1.0,0.1206896551724138,11.3333,9,0,False
code_0361,97,66,3.0,5,5,0,4,1.8,0.18556701030927836,19.7143,14,0,False
code_0362,114,78,1.8,2,5,0,1,1.0,0.17543859649122806,8.2857,7,0,False
code_0363,73,50,1.75,2,4,0,1,1.0,0.136986301369863,7.75,8,0,False
code_0364,88,58,4.0,6,3,0,5,2.2222,0.2159090909090909,8.6,5,0,False
code_0365,64,37,2.0,2,1,0,1,1.0,0.203125,15.0,13,0,False
code_0366,83,53,1.75,2,4,0,1,1.0,0.20481927710843373,10.3333,9,0,False
code_0367,93,53,2.5,4,2,0,1,1.0,0.21505376344086022,7.7895,19,0,False
code_0368,113,73,3.2,5,5,0,4,1.8333,0.1592920353982301,9.0,20,0,False
code_0369,94,58,4.0,4,1,0,2,1.5,0.19148936170212766,7.0,19,0,False
code_0370,112,85,3.0,5,5,0,3,1.6364,0.08928571428571429,7.619,21,0,False
code_0371,142,88,4.5,5,2,0,2,1.1818,0.16901408450704225,10.0,26,0,False
code_0372,135,69,2.2,4,5,0,0,0.0,0.2518518518518518,8.3333,27,0,False
code_0373,120,75,2.75,5,4,0,4,1.8571,0.175,5.9286,14,0,False
code_0374,77,57,6.0,6,1,0,0,0.0,0.11688311688311688,6.5,18,0,False
code_0375,117,72,4.666666666666667,12,3,0,4,2.5556,0.20512820512820512,8.7391,23,0,False
code_0376,87,56,3.0,6,4,0,2,1.4,0.27586206896551724,7.5,10,0,False
code_0377,120,77,4.2,6,5,0,2,1.5385,0.18333333333333332,7.7059,17,0,False
code_0378,186,153,1.4444444444444444,3,7,2,3,1.7143,0.06989247311827956,8.7895,38,0,False
code_0379,112,66,3.0,3,1,0,0,0.0,0.20535714285714285,7.1429,21,0,False
code_0380,103,63,4.333333333333333,7,3,0,2,1.5,0.22330097087378642,8.2632,19,0,False
code_0381,111,68,2.2,4,4,1,2,1.3333,0.1891891891891892,7.5556,18,0,False
code_0382,104,92,1.375,2,8,0,1,1.0,0.0,7.8571,14,0,False
code_0383,123,90,2.7142857142857144,6,7,0,5,1.8462,0.12195121951219512,5.5,10,0,False
code_0384,67,48,2.3333333333333335,4,5,1,2,1.5,0.14925373134328357,10.4444,9,0,False
code_0385,157,96,1.0,1,1,0,1,1.0,0.20382165605095542,11.1389,36,0,False
code_0386,82,66,2.6666666666666665,4,6,0,2,1.25,0.08536585365853659,9.4,5,0,False
code_0387,121,84,1.8333333333333333,2,6,0,1,1.0,0.1487603305785124,5.6923,13,0,False
code_0388,71,47,1.0,1,0,0,1,1.0,0.16901408450704225,5.6923,13,0,False
code_0389,71,49,1.5,2,2,0,1,1.0,0.15492957746478872,9.0,8,0,False
code_0390,83,45,1.0,1,2,0,1,1.0,0.24096385542168675,9.7273,22,0,False
code_0391,82,58,3.0,5,3,0,2,1.4286,0.17073170731707318,12.0,11,0,False
code_0392,120,77,1.0,1,0,0,1,1.0,0.175,7.1429,21,0,False
code_0393,80,47,1.0,1,0,0,1,1.0,0.2125,6.9444,18,0,False
code_0394,58,30,1.0,1,1,0,0,0.0,0.2413793103448276,10.0,5,0,False
code_0395,68,43,2.0,3,2,0,2,1.5,0.19117647058823528,6.0,16,0,False
code_0396,94,60,3.0,3,3,0,3,1.6667,0.20212765957446807,9.3636,11,0,False
code_0397,59,46,3.5,4,2,0,2,1.3333,0.06779661016949153,9.5714,14,0,False
code_0398,122,81,2.5,3,4,0,2,1.2857,0.1557377049180328,5.8571,7,0,False
code_0399,63,47,3.0,4,4,0,4,1.8333,0.09523809523809523,8.1111,9,0,False
code_0400,53,42,5.0,5,1,0,2,1.25,0.03773584905660377,8.1667,6,0,False
code_0401,102,74,1.75,3,4,0,2,1.25,0.11764705882352941,12.0,14,0,False
code_0402,69,42,2.3333333333333335,4,3,0,1,1.0,0.2028985507246377,10.125,8,0,False
code_0403,164,126,1.875,2,8,0,1,1.0,0.11585365853658537,10.9,10,0,False
code_0404,131,88,3.1666666666666665,4,5,1,2,1.4444,0.1297709923664122,9.0833,12,0,False
code_0405,94,61,2.0,3,4,0,2,1.3333,0.1276595744680851,6.1429,7,0,False
code_0406,104,88,2.0,3,7,1,4,1.6,0.04807692307692308,7.3333,6,0,False
code_0407,142,85,1.6666666666666667,2,6,0,2,1.3,0.19014084507042253,7.4545,11,0,False
code_0408,104,75,2.0,4,8,1,2,1.5,0.08653846153846154,6.0,6,0,False
code_0409,108,85,1.375,2,7,1,2,1.125,0.10185185185185185,10.7059,17,0,False
code_0410,88,65,2.6666666666666665,5,5,1,4,2.0,0.125,7.7778,9,0,False
code_0411,73,47,2.0,2,1,0,3,2.0,0.1780821917808219,7.5556,9,0,False
code_0412,106,85,1.375,2,8,0,1,1.0,0.05660377358490566,7.25,16,0,False
code_0413,96,77,1.4444444444444444,3,9,0,2,1.2,0.08333333333333333,8.2308,13,0,False
code_0414,138,115,2.7,9,10,0,4,1.75,0.06521739130434782,14.1429,7,0,False
code_0415,85,55,2.0,2,4,0,2,1.25,0.2,4.6667,6,0,False
code_0416,111,60,1.4285714285714286,3,7,0,1,1.0,0.24324324324324326,7.9167,12,0,False
code_0417,54,35,1.0,1,0,0,0,0.0,0.18518518518518517,5.9091,11,0,False
code_0418,95,64,1.0,1,0,0,0,0.0,0.16842105263157894,9.3571,14,0,False
code_0419,119,83,1.0,1,0,0,0,0.0,0.15966386554621848,12.9444,18,0,False
code_0420,104,69,2.0,3,5,0,2,1.4,0.25,8.2353,17,0,False
code_0421,119,70,1.0,1,0,0,1,1.0,0.23529411764705882,6.8824,17,0,False
code_0422,78,46,1.0,1,0,0,1,1.0,0.21794871794871795,5.6,15,0,False
code_0423,113,79,1.0,1,0,0,1,1.0,0.1415929203539823,7.1176,17,0,False
code_0424,91,57,2.0,2,2,0,1,1.0,0.18681318681318682,9.3,10,0,False
code_0425,109,71,0.0,0,0,0,0,0.0,0.2018348623853211,0.0,0,0,True
code_0426,178,107,2.2857142857142856,3,7,0,2,1.2222,0.20224719101123595,9.4545,33,0,False
code_0427,91,34,1.0,1,4,0,1,1.0,0.5054945054945055,8.75,4,0,False
code_0428,110,88,2.5,4,8,0,3,1.4615,0.07272727272727272,5.125,8,0,False
code_0429,83,65,3.0,5,4,1,3,1.625,0.10843373493975904,5.4444,9,0,False
code_0430,120,66,2.4,4,5,0,2,1.5,0.25,7.5,12,0,False
code_0431,81,54,1.8,2,5,0,1,1.0,0.16049382716049382,12.1111,18,0,False
code_0432,70,51,2.0,3,3,2,2,1.25,0.15714285714285714,7.3846,13,0,False
code_0433,86,66,3.2,7,4,1,5,2.0,0.11627906976744186,6.4,5,0,False
code_0434,218,158,1.8571428571428572,4,9,5,2,1.3636,0.14220183486238533,6.96,25,0,False
code_0435,104,73,1.7777777777777777,4,8,1,2,1.5,0.08653846153846154,6.9,10,0,False
code_0436,133,74,1.0,1,2,0,1,1.0,0.23308270676691728,9.9091,22,0,False
code_0437,106,57,2.5,3,3,1,2,1.5,0.2358490566037736,7.8571,7,0,False
code_0438,95,66,4.0,7,3,0,5,2.3333,0.14736842105263157,5.1818,11,0,False
code_0439,122,90,1.6363636363636365,3,7,4,2,1.1667,0.13114754098360656,6.4545,22,0,False
code_0440,128,86,6.25,7,4,0,2,1.5833,0.15625,7.1,10,0,False
code_0441,198,133,3.75,9,8,0,3,1.5,0.16161616161616163,10.9706,34,0,False
code_0442,69,49,3.0,3,1,0,2,1.3333,0.13043478260869565,7.0833,12,0,False
code_0443,97,78,2.5,3,2,0,2,1.25,0.08247422680412371,9.6875,16,0,False
code_0444,80,59,3.0,7,4,0,4,1.875,0.1375,8.2143,14,0,False
code_0445,112,87,2.25,3,4,0,2,1.3333,0.11607142857142858,7.7143,7,0,False
code_0446,111,75,2.0,4,4,2,3,1.5714,0.16216216216216217,5.0,12,0,False
code_0447,102,70,1.0,1,1,0,3,2.0,0.13725490196078433,8.5909,22,0,False
code_0448,91,66,2.0,2,1,0,3,1.6667,0.15384615384615385,9.2727,11,0,False
code_0449,107,76,3.3333333333333335,6,5,1,3,1.5,0.14953271028037382,7.8636,22,0,False
code_0450,125,82,1.8333333333333333,3,6,0,2,1.3333,0.12,4.8,10,0,False
code_0451,92,63,2.6666666666666665,4,3,0,3,1.5714,0.16304347826086957,7.9524,21,0,False
code_0452,88,56,3.0,4,2,0,3,1.5,0.1590909090909091,7.5,14,0,False
code_0453,80,66,3.0,4,2,0,3,1.75,0.05,7.3846,13,0,False
code_0454,286,172,2.2,4,5,0,3,1.6,0.2062937062937063,8.7609,46,0,False
code_0455,103,75,1.25,2,4,0,3,1.6667,0.11650485436893204,7.3571,14,0,False
code_0456,130,76,1.4285714285714286,2,7,1,2,1.3333,0.2230769230769231,8.7857,14,0,False
code_0457,73,46,3.2,6,4,1,1,1.0,0.2465753424657534,9.4,5,0,False
code_0458,82,58,2.5714285714285716,5,6,1,2,1.3333,0.15853658536585366,7.2727,11,0,False
code_0459,105,82,1.4444444444444444,3,9,3,2,1.1429,0.09523809523809523,6.2941,17,0,False
code_0460,121,88,2.4,4,5,0,3,1.6923,0.11570247933884298,7.087,23,0,False
code_0461,104,82,2.0,3,5,0,1,1.0,0.07692307692307693,7.5,18,0,False
code_0462,136,94,2.4,3,5,0,1,1.0,0.14705882352941177,11.5714,7,0,False
code_0463,96,85,3.0,8,7,1,7,2.3889,0.0,5.7143,7,0,False
code_0464,98,68,1.7272727272727273,4,9,2,1,1.0,0.15306122448979592,8.1111,9,0,False
code_0465,112,78,1.6666666666666667,2,3,0,2,1.6667,0.24107142857142858,8.8182,11,0,False
code_0466,96,67,3.4,5,4,1,2,1.4286,0.17708333333333334,8.6667,9,0,False
code_0467,116,70,2.0,2,3,0,2,1.3333,0.1896551724137931,8.7273,11,0,False
code_0468,61,35,2.0,3,4,1,1,1.0,0.19672131147540983,6.0,5,0,False
code_0469,163,103,2.4545454545454546,9,11,0,7,2.4667,0.2392638036809816,7.6875,16,0,False
code_0470,114,71,1.0,1,5,0,2,1.1667,0.3157894736842105,10.5333,15,0,False
code_0471,130,97,1.6875,3,14,2,2,1.25,0.08461538461538462,8.125,8,0,False
code_0472,67,48,2.0,3,7,0,2,1.1429,0.14925373134328357,4.5556,9,0,False
code_0473,102,78,0.0,0,0,0,0,0.0,0.08823529411764706,0.0,0,0,True
code_0474,117,77,1.3125,2,15,3,3,1.5,0.1623931623931624,7.3333,9,0,False
code_0475,124,99,1.6666666666666667,3,8,1,2,1.1667,0.10483870967741936,5.0714,14,0,False
code_0476,101,60,3.0,7,4,0,3,1.8889,0.22772277227722773,9.5,18,0,False
code_0477,86,58,2.75,5,4,0,4,1.75,0.23255813953488372,9.75,12,0,False
code_0478,112,82,2.7142857142857144,6,6,1,3,1.7,0.11607142857142858,10.3684,19,0,False
code_0479,131,77,2.0,2,3,0,5,2.25,0.1984732824427481,12.4167,12,0,False
code_0480,123,93,2.0,4,6,1,1,1.0,0.08130081300813008,8.25,12,0,False
code_0481,93,60,3.25,5,4,0,2,1.4444,0.1827956989247312,7.4286,21,0,False
code_0482,120,84,3.2,5,5,0,4,1.75,0.14166666666666666,10.0,14,0,False
code_0483,81,65,3.5,7,4,0,4,2.0909,0.09876543209876543,6.2759,29,0,False
code_0484,85,59,2.25,3,4,0,2,1.1667,0.17647058823529413,11.3333,9,0,False
code_0485,116,81,2.090909090909091,5,9,2,2,1.25,0.14655172413793102,6.4375,16,0,False
code_0486,101,61,1.0,1,0,0,3,2.0,0.2079207920792079,5.9706,34,0,False
code_0487,45,26,4.0,4,1,0,2,1.6667,0.17777777777777778,4.4444,9,0,False
code_0488,41,26,2.0,2,1,0,2,1.5,0.17073170731707318,13.1429,7,0,False
code_0489,52,28,2.0,2,1,0,1,1.0,0.23076923076923078,6.0,6,0,False
code_0490,37,28,5.0,5,1,0,4,2.5,0.16216216216216217,3.0,1,0,False
code_0491,42,25,2.0,2,1,0,1,1.0,0.19047619047619047,7.7143,7,0,False
code_0492,79,45,1.6666666666666667,2,3,0,1,1.0,0.20253164556962025,4.4444,9,0,False
code_0493,52,30,1.5,2,2,0,1,1.0,0.23076923076923078,11.0,10,0,False
code_0494,93,45,4.0,4,1,0,2,1.4,0.27956989247311825,9.0,10,0,False
code_0495,46,32,4.0,4,1,0,2,1.25,0.10869565217391304,8.6667,3,0,False
code_0496,74,47,3.0,3,1,0,2,1.5,0.16216216216216217,5.7059,17,0,False
code_0497,44,26,3.0,3,1,0,2,1.5,0.20454545454545456,3.5,8,0,False
code_0498,41,24,2.0,2,1,0,1,1.0,0.1951219512195122,11.2857,7,0,False
code_0499,85,45,1.0,1,0,0,3,2.0,0.24705882352941178,6.5517,29,0,False
code_0500,44,29,3.0,3,1,0,2,1.25,0.1590909090909091,7.5,4,0,False
code_0501,80,46,4.0,4,1,0,3,1.8,0.2,7.5625,16,0,False
code_0502,14,12,0.0,0,0,0,0,0.0,0.07142857142857142,0.0,0,0,True
code_0503,139,107,1.5,2,8,0,1,1.0,0.11510791366906475,12.7778,9,0,False
code_0504,97,52,1.2857142857142858,3,7,0,1,1.0,0.28865979381443296,9.1667,12,0,False
code_0505,78,37,1.25,2,5,1,1,1.0,0.2948717948717949,8.4444,9,0,False
code_0506,62,35,2.5,3,2,0,2,1.2,0.25806451612903225,4.1667,6,0,False
code_0507,202,158,2.0,2,6,0,2,1.4167,0.10396039603960396,10.2857,7,0,False
code_0508,113,64,1.3333333333333333,2,2,1,2,1.6667,0.22123893805309736,6.75,16,0,False
code_0509,77,44,1.0,1,1,0,1,1.0,0.22077922077922077,9.1818,11,0,False
code_0510,69,48,2.0,2,2,0,1,1.0,0.11594202898550725,5.4667,15,0,False
code_0511,192,144,0.0,0,0,0,0,0.0,0.125,0.0,0,0,True
code_0512,119,84,1.5,2,6,2,2,1.25,0.11764705882352941,7.0435,23,0,False
code_0513,70,49,1.3333333333333333,2,2,1,1,1.0,0.17142857142857143,9.0,7,0,False
code_0514,48,32,4.0,4,1,0,3,1.75,0.14583333333333334,8.2857,7,0,False
code_0515,53,38,4.0,4,1,0,3,1.75,0.11320754716981132,8.6,5,0,False
code_0516,53,34,2.5,3,2,0,2,1.3333,0.1320754716981132,5.4286,7,0,False
code_0517,37,22,2.0,2,1,0,1,1.0,0.1891891891891892,14.75,4,0,False
code_0518,64,42,3.0,3,1,0,1,1.0,0.1875,10.0,3,0,False
code_0519,80,52,2.3333333333333335,4,3,0,3,1.6,0.1625,5.5,4,0,False
code_0520,101,70,3.6666666666666665,7,3,0,3,1.75,0.1485148514851485,6.2,20,0,False
code_0521,66,41,7.0,7,1,0,6,3.1429,0.19696969696969696,6.7143,7,0,False
code_0522,81,51,2.3333333333333335,3,3,0,1,1.0,0.16049382716049382,7.6667,9,0,False
code_0523,65,46,8.0,8,1,0,3,1.75,0.13846153846153847,8.5,12,0,False
code_0524,72,46,4.0,4,2,0,3,1.6667,0.18055555555555555,8.625,16,0,False
code_0525,72,43,5.0,7,2,0,3,1.5556,0.2361111111111111,7.6667,6,0,False
code_0526,52,35,3.0,3,2,0,2,1.6667,0.17307692307692307,5.4167,12,0,False
code_0527,51,34,2.0,2,2,0,1,1.0,0.13725490196078433,8.6667,6,0,False
code_0528,72,53,2.375,4,7,1,2,1.3333,0.1111111111111111,10.25,12,0,False
code_0529,86,52,2.5,6,4,0,1,1.0,0.16279069767441862,11.3333,12,0,False
code_0530,93,56,6.0,6,1,0,3,1.8,0.1827956989247312,7.2069,29,0,False
code_0531,67,41,3.0,3,2,0,2,1.4,0.14925373134328357,8.3333,9,0,False
code_0532,76,46,1.25,2,4,0,1,1.0,0.17105263157894737,8.6667,6,0,False
code_0533,151,98,3.4285714285714284,6,7,0,4,2.0,0.18543046357615894,7.1765,17,0,False
code_0534,135,60,6.0,6,2,0,3,1.75,0.3037037037037037,7.2857,21,0,False
code_0535,88,52,2.0,2,3,0,2,1.4286,0.19318181818181818,6.5714,7,0,False
code_0536,91,62,2.75,6,4,0,1,1.0,0.14285714285714285,7.2727,11,0,False
code_0537,73,45,1.6666666666666667,3,3,0,2,1.3333,0.1917808219178082,6.5,14,0,False
code_0538,129,90,7.5,9,2,0,3,1.8667,0.16279069767441862,5.9318,44,0,False
code_0539,82,50,2.6666666666666665,4,3,0,2,1.1667,0.15853658536585366,8.5,8,0,False
code_0540,82,53,3.0,6,3,0,2,1.5714,0.15853658536585366,6.9091,11,0,False
code_0541,77,57,3.0,3,1,0,2,1.3333,0.11688311688311688,8.6,5,0,False
code_0542,98,66,2.857142857142857,5,7,0,4,1.6364,0.09183673469387756,7.8571,7,0,False
code_0543,106,80,1.7142857142857142,3,3,6,2,1.3333,0.11320754716981132,7.2353,17,0,False
code_0544,79,63,2.2,3,4,1,1,1.0,0.05063291139240506,8.8,10,0,False
code_0545,275,215,0.0,0,0,0,0,0.0,0.04727272727272727,0.0,0,0,True
code_0546,98,77,1.8571428571428572,3,5,2,2,1.4,0.11224489795918367,11.8,10,0,False
code_0547,109,64,3.25,4,4,0,2,1.375,0.22018348623853212,14.5,6,0,False
code_0548,118,82,1.5,3,4,0,2,1.3333,0.1271186440677966,11.0,11,0,False
code_0549,149,109,2.5,3,3,1,2,1.5,0.15436241610738255,11.625,16,0,False
code_0550,126,82,1.7222222222222223,3,12,6,2,1.375,0.1746031746031746,9.625,8,0,False
code_0551,93,69,2.5,4,2,0,3,2.0,0.12903225806451613,10.2667,15,0,False
code_0552,154,115,2.2,4,13,2,3,1.2857,0.11688311688311688,8.6,15,0,False
code_0553,96,61,3.0,3,2,0,2,1.5714,0.1875,12.8571,7,0,False
code_0554,90,63,3.0,3,2,0,2,1.4,0.14444444444444443,10.1818,11,0,False
code_0555,178,123,2.076923076923077,3,11,2,2,1.1,0.1404494382022472,12.5,4,0,False
code_0556,60,38,2.0,2,4,0,1,1.0,0.21666666666666667,10.25,8,0,False
code_0557,77,54,4.0,4,1,0,2,1.3333,0.11688311688311688,7.9231,13,0,False
code_0558,92,79,3.0,4,2,0,3,1.6,0.021739130434782608,8.5714,14,0,False
code_0559,71,53,0.0,0,0,0,0,0.0,0.09859154929577464,0.0,0,0,True
code_0560,72,50,0.0,0,0,0,0,0.0,0.1111111111111111,0.0,0,0,True
code_0561,48,31,2.5,3,2,0,2,1.3333,0.1875,12.5714,7,0,False
code_0562,38,27,3.0,3,1,0,2,1.3333,0.13157894736842105,12.3333,6,0,False
code_0563,95,62,1.6666666666666667,2,3,0,1,1.0,0.17894736842105263,7.7391,23,0,False
code_0564,84,59,1.6,2,5,0,2,1.2,0.11904761904761904,7.0,11,0,False
code_0565,59,42,1.5,2,2,0,1,1.0,0.13559322033898305,11.7143,7,0,False
code_0566,63,46,3.5,4,2,0,3,1.6667,0.15873015873015872,9.0909,11,0,False
code_0567,48,32,1.3333333333333333,2,3,0,1,1.0,0.14583333333333334,6.1667,6,0,False
code_0568,71,53,2.25,3,4,0,2,1.3333,0.09859154929577464,7.0,12,0,False
code_0569,78,51,2.0,3,4,0,2,1.2,0.1794871794871795,7.5385,13,0,False
code_0570,54,32,2.0,2,1,0,1,1.0,0.2222222222222222,14.1429,7,0,False
code_0571,78,48,2.0,2,2,0,1,1.0,0.20512820512820512,7.3333,6,0,False
code_0572,61,34,1.0,1,1,0,0,0.0,0.22950819672131148,9.1111,9,0,False
code_0573,75,48,2.3333333333333335,3,3,0,1,1.0,0.18666666666666668,5.3846,13,0,False
code_0574,64,37,1.6666666666666667,2,2,1,1,1.0,0.21875,5.875,8,0,False
code_0575,71,41,2.0,2,3,0,2,1.2,0.23943661971830985,6.0,8,0,False
code_0576,72,48,2.0,2,2,0,1,1.0,0.125,6.2222,9,0,False
code_0577,60,38,2.0,2,1,0,1,1.0,0.2,11.2222,9,0,False
code_0578,78,53,2.5,3,2,0,2,1.25,0.14102564102564102,7.2941,17,0,False
code_0579,51,30,1.5,2,1,1,1,1.0,0.21568627450980393,5.2,5,0,False
code_0580,51,28,3.0,3,1,0,1,1.0,0.23529411764705882,8.1667,6,0,False
code_0581,74,50,2.5,4,2,0,1,1.0,0.13513513513513514,8.8,10,0,False
code_0582,77,53,2.3333333333333335,3,3,0,2,1.3333,0.19480519480519481,8.0,10,0,False
code_0583,66,41,5.0,5,1,0,3,2.0,0.18181818181818182,4.6,10,0,False
code_0584,51,31,1.5,2,1,1,1,1.0,0.21568627450980393,5.2,5,0,False
code_0585,66,41,2.3333333333333335,4,3,0,3,1.6,0.18181818181818182,7.4286,7,0,False
code_0586,71,57,2.6666666666666665,4,3,0,2,1.4,0.028169014084507043,10.8889,9,0,False
code_0587,92,71,2.0,3,4,0,2,1.2,0.06521739130434782,10.0,17,0,False
code_0588,103,86,2.6,3,5,0,2,1.4,0.038834951456310676,9.5833,12,0,False
code_0589,64,45,0.0,0,0,0,0,0.0,0.109375,0.0,0,0,True
code_0590,58,44,3.0,4,2,0,1,1.0,0.05172413793103448,10.3,10,0,False
code_0591,94,75,1.75,2,4,0,1,1.0,0.07446808510638298,12.1538,13,0,False
code_0592,70,51,3.0,4,2,0,2,1.25,0.14285714285714285,12.7143,14,0,False
code_0593,65,42,2.3333333333333335,3,2,1,2,1.3333,0.16923076923076924,10.1818,11,0,False
code_0594,55,36,2.0,2,2,0,1,1.0,0.18181818181818182,10.75,8,0,False
code_0595,97,60,3.3333333333333335,4,3,0,3,1.625,0.21649484536082475,13.7692,13,0,False
code_0596,77,59,3.0,3,3,0,2,1.4286,0.06493506493506493,16.1429,7,0,False
code_0597,88,59,5.0,5,1,0,3,1.75,0.1590909090909091,13.15,20,0,False
code_0598,67,42,2.25,3,3,1,2,1.25,0.19402985074626866,7.7273,11,0,False
code_0599,69,48,1.3333333333333333,2,3,0,1,1.0,0.10144927536231885,12.7143,7,0,False
code_0600,81,53,2.0,3,3,0,2,1.25,0.16049382716049382,12.6,10,0,False
code_0601,124,82,1.2222222222222223,3,6,3,1,1.0,0.1774193548387097,7.3333,15,0,False
code_0602,63,50,1.6666666666666667,2,3,0,1,1.0,0.06349206349206349,8.6364,11,0,False
code_0603,61,45,1.25,2,4,0,1,1.0,0.14754098360655737,11.3333,15,0,False
code_0604,73,44,1.1666666666666667,2,6,0,1,1.0,0.2465753424657534,7.8889,9,0,False
code_0605,93,64,1.6,3,5,0,2,1.25,0.15053763440860216,9.1667,12,0,False
code_0606,101,68,1.0909090909090908,2,10,1,1,1.0,0.15841584158415842,9.5714,7,0,False
code_0607,75,42,8.0,8,1,0,8,4.5,0.28,9.0909,11,0,False
code_0608,95,80,3.0,3,3,0,2,1.5,0.042105263157894736,15.2353,17,0,False
code_0609,144,96,2.25,3,4,0,1,1.0,0.16666666666666666,11.3939,33,0,False
code_0610,92,68,2.5,3,4,0,2,1.25,0.18478260869565216,12.8235,17,0,False
code_0611,103,74,1.2857142857142858,2,7,0,1,1.0,0.1650485436893204,8.4167,12,0,False
code_0612,73,45,4.0,4,1,0,3,2.0,0.2191780821917808,8.5,18,0,False
code_0613,148,115,2.0,3,7,1,1,1.0,0.10810810810810811,13.0,11,0,False
code_0614,71,38,2.0,2,2,0,1,1.0,0.22535211267605634,8.1667,6,0,False
code_0615,102,73,1.5714285714285714,2,6,1,1,1.0,0.12745098039215685,10.4615,13,0,False
code_0616,99,80,3.125,4,8,0,3,1.4375,0.06060606060606061,7.8333,12,0,False
code_0617,114,80,1.75,3,4,0,3,1.6667,0.14035087719298245,6.6522,23,0,False
code_0618,105,77,0.0,0,0,0,0,0.0,0.0761904761904762,0.0,0,0,True
code_0619,134,112,3.7142857142857144,9,7,0,7,2.381,0.03731343283582089,6.2222,18,0,False
code_0620,85,67,0.0,0,0,0,0,0.0,0.07058823529411765,0.0,0,0,True
code_0621,91,70,3.3333333333333335,4,3,0,9,3.5,0.14285714285714285,9.1111,9,0,False
code_0622,90,63,2.0,3,3,0,3,1.3333,0.14444444444444443,6.8421,19,0,False
code_0623,110,75,3.0,4,5,0,3,1.6429,0.2,7.2727,11,0,False
code_0624,117,93,3.142857142857143,8,7,0,6,2.3333,0.07692307692307693,4.9333,15,0,False
code_0625,59,32,1.5,2,2,0,2,1.3333,0.2033898305084746,8.0909,11,0,False
code_0626,85,62,7.5,13,2,0,5,2.7273,0.12941176470588237,5.8182,11,0,False
code_0627,94,60,3.0,8,4,0,5,2.2222,0.20212765957446807,8.0,10,0,False
code_0628,99,58,2.5,3,4,0,2,1.2857,0.24242424242424243,9.8462,13,0,False
code_0629,99,56,3.0,6,4,0,3,1.8571,0.20202020202020202,9.1667,12,0,False
code_0630,81,51,1.6666666666666667,2,3,0,2,1.3333,0.1728395061728395,9.5,14,0,False
code_0631,53,34,2.0,2,1,0,1,1.0,0.1509433962264151,12.75,4,0,False
code_0632,149,77,1.4,2,5,0,1,1.0,0.2550335570469799,9.0625,32,0,False
code_0633,87,67,2.3333333333333335,5,6,0,3,1.4444,0.08045977011494253,5.8125,16,0,False
code_0634,85,56,3.3333333333333335,4,3,0,3,1.5,0.16470588235294117,10.4545,11,0,False
code_0635,96,65,3.25,7,4,0,4,2.1,0.19791666666666666,7.5,4,0,False
code_0636,49,35,2.5,3,2,0,2,1.3333,0.14285714285714285,5.8333,6,0,False
code_0637,62,48,3.3333333333333335,6,3,0,5,2.375,0.11290322580645161,5.5,8,0,False
code_0638,116,72,2.75,3,4,0,3,1.6,0.1810344827586207,8.4,15,0,False
code_0639,72,41,1.3333333333333333,3,6,0,2,1.3333,0.2222222222222222,6.4,5,0,False
code_0640,68,42,1.6,2,4,1,1,1.0,0.17647058823529413,3.5,2,0,False
code_0641,80,48,2.5,5,4,0,3,1.625,0.2375,7.8571,7,0,False
code_0642,70,42,2.0,2,2,0,2,1.25,0.24285714285714285,6.2857,7,0,False
code_0643,85,45,2.3333333333333335,3,3,0,2,1.25,0.23529411764705882,6.125,8,0,False
code_0644,63,44,1.0,1,0,0,5,3.0,0.1746031746031746,7.5,10,0,False
code_0645,74,54,2.5,6,5,1,4,2.1667,0.0945945945945946,4.2,5,0,False
code_0646,72,49,6.0,6,1,0,2,1.25,0.125,8.3,10,0,False
code_0647,107,82,2.0,3,2,0,2,1.3333,0.102803738317757,9.2,5,0,False
code_0648,54,36,3.0,3,1,0,2,1.3333,0.14814814814814814,9.25,8,0,False
code_0649,121,99,3.0,4,5,0,4,1.8571,0.05785123966942149,6.0909,11,0,False
code_0650,104,85,2.8,3,5,0,2,1.5385,0.07692307692307693,10.7143,14,0,False
code_0651,118,82,4.0,8,4,0,5,2.0,0.16101694915254236,8.4615,13,0,False
code_0652,68,53,2.0,2,5,0,1,1.0,0.10294117647058823,8.8333,6,0,False
code_0653,91,57,2.0,3,4,1,2,1.1667,0.17582417582417584,9.0909,22,0,False
code_0654,86,59,4.0,4,1,0,2,1.6667,0.11627906976744186,9.9375,16,0,False
code_0655,99,63,2.0,2,3,0,1,1.0,0.20202020202020202,12.8889,9,0,False
code_0656,115,83,4.0,10,4,0,5,2.3846,0.2,7.75,12,0,False
code_0657,82,56,3.5,5,4,0,3,1.6,0.2073170731707317,5.9,10,0,False
code_0658,127,78,4.5,6,4,0,4,1.9412,0.1968503937007874,12.1364,22,0,False
code_0659,162,99,2.4285714285714284,3,7,0,2,1.3333,0.19753086419753085,8.7391,23,0,False
code_0660,113,75,2.0,2,4,0,1,1.0,0.22123893805309736,11.7,10,0,False
code_0661,45,31,4.0,4,1,0,1,1.0,0.13333333333333333,13.3333,3,0,False
code_0662,52,35,2.5,4,2,0,1,1.0,0.09615384615384616,8.0,3,0,False
code_0663,150,84,1.0,1,0,0,3,2.0,0.20666666666666667,6.75,32,0,False
code_0664,70,40,2.0,3,2,0,2,1.5,0.21428571428571427,6.4167,24,0,False
code_0665,62,38,4.0,4,1,0,3,2.0,0.16129032258064516,7.2667,15,0,False
code_0666,49,31,2.0,2,1,0,1,1.0,0.16326530612244897,7.75,4,0,False
code_0667,68,37,2.0,2,2,0,1,1.0,0.19117647058823528,8.2222,9,0,False
code_0668,82,40,4.0,4,1,0,3,2.0,0.25609756097560976,7.0476,21,0,False
code_0669,162,74,1.1428571428571428,2,11,0,1,1.0,0.2839506172839506,9.1538,13,0,False
code_0670,114,69,5.0,6,2,0,5,2.625,0.14035087719298245,6.92,25,0,False
code_0671,111,84,1.5714285714285714,3,6,1,2,1.25,0.13513513513513514,4.6923,13,0,False
code_0672,54,36,1.0,1,0,0,1,1.0,0.18518518518518517,11.8,5,0,False
code_0673,66,37,6.0,6,1,0,3,2.2,0.21212121212121213,7.0,10,0,False
code_0674,84,50,1.0,1,6,0,0,0.0,0.23809523809523808,9.4286,7,0,False
code_0675,45,28,2.0,2,1,0,1,1.0,0.15555555555555556,9.2,5,0,False
code_0676,152,109,1.8333333333333333,2,6,0,2,1.25,0.09868421052631579,1.0,1,0,False
code_0677,92,72,1.2,2,5,1,1,1.0,0.10869565217391304,6.9167,12,0,False
code_0678,114,84,1.6666666666666667,3,7,2,2,1.1667,0.10526315789473684,6.0667,15,0,False
code_0679,104,70,2.0,2,4,0,1,1.0,0.14423076923076922,16.0,10,0,False
code_0680,55,35,1.5,2,2,0,1,1.0,0.2,10.4444,9,0,False
code_0681,140,81,2.3333333333333335,4,6,0,3,1.7,0.22857142857142856,7.6429,14,0,False
code_0682,108,69,2.25,4,4,0,1,1.0,0.2037037037037037,8.7222,18,0,False
code_0683,167,128,1.411764705882353,4,10,7,2,1.1429,0.08982035928143713,7.1739,23,0,False
code_0684,167,113,1.0,1,5,0,1,1.0,0.16167664670658682,6.6,5,0,False
code_0685,147,83,1.6666666666666667,3,7,0,2,1.2,0.2585034013605442,10.619,21,0,False
code_0686,83,49,2.4,4,4,1,3,1.8333,0.27710843373493976,5.7143,7,0,False
code_0687,216,135,1.9090909090909092,3,8,3,2,1.2727,0.22685185185185186,7.1667,18,0,False
code_0688,146,108,1.4285714285714286,4,9,5,2,1.1667,0.1232876712328767,6.8,20,0,False
code_0689,326,298,2.0,2,7,0,1,1.0,0.05214723926380368,4.2857,7,0,False
code_0690,89,55,1.0,1,0,0,4,2.2857,0.24719101123595505,6.5333,15,0,False
code_0691,180,149,3.3125,14,12,4,7,3.04,0.07222222222222222,9.2,15,0,False
code_0692,107,74,3.25,5,4,0,3,1.625,0.09345794392523364,7.4,15,0,False
code_0693,132,79,1.5555555555555556,3,9,0,2,1.1667,0.23484848484848486,7.5556,18,0,False
code_0694,109,87,1.4444444444444444,3,5,4,1,1.0,0.07339449541284404,7.1,20,0,False
code_0695,132,93,2.4,4,9,1,3,1.5714,0.1893939393939394,8.6875,16,0,False
code_0696,129,98,2.272727272727273,7,10,1,4,1.8462,0.06976744186046512,7.5,4,0,False
code_0697,127,82,2.75,4,4,0,2,1.2222,0.1968503937007874,6.4583,24,0,False
code_0698,258,201,0.0,0,0,0,0,0.0,0.1511627906976744,0.0,0,0,True
code_0699,149,110,3.111111111111111,8,7,2,4,2.4286,0.11409395973154363,8.0909,22,0,False
code_0700,104,66,2.75,4,4,0,3,1.625,0.21153846153846154,7.0,17,0,False
code_0701,141,84,1.7142857142857142,2,7,0,1,1.0,0.2198581560283688,8.2222,18,0,False
code_0702,166,113,1.2307692307692308,3,10,3,1,1.0,0.16265060240963855,7.0,21,0,False
code_0703,70,60,2.6666666666666665,3,3,0,1,1.0,0.04285714285714286,6.8,10,0,False
code_0704,90,70,1.5,3,4,0,2,1.3333,0.05555555555555555,7.25,12,0,False
code_0705,74,62,2.25,3,4,0,2,1.4286,0.013513513513513514,9.6111,18,0,False
code_0706,62,48,3.3333333333333335,4,3,0,3,1.5714,0.03225806451612903,7.5714,14,0,False
code_0707,111,86,2.25,4,4,0,3,1.5,0.08108108108108109,7.5455,11,0,False
code_0708,76,45,2.3333333333333335,3,2,1,2,1.5,0.18421052631578946,8.625,8,0,False
code_0709,83,60,1.75,2,4,0,1,1.0,0.13253012048192772,6.0,8,0,False
code_0710,123,90,3.25,8,4,0,3,1.5,0.11382113821138211,9.8125,16,0,False
code_0711,78,57,3.0,5,3,0,2,1.2,0.07692307692307693,11.6364,11,0,False
code_0712,122,82,6.5,14,3,1,3,1.375,0.1557377049180328,9.5294,17,0,False
code_0713,109,58,2.0,2,2,0,1,1.0,0.24770642201834864,9.6842,19,0,False
code_0714,101,68,2.6666666666666665,4,3,0,2,1.2,0.15841584158415842,7.4286,14,0,False
code_0715,125,87,2.4,4,5,0,2,1.1429,0.136,6.6364,11,0,False
code_0716,75,63,4.333333333333333,7,3,0,4,2.0,0.02666666666666667,7.4,10,0,False
code_0717,79,60,3.1666666666666665,6,5,1,4,1.875,0.13924050632911392,11.4375,16,0,False
code_0718,118,81,1.25,2,4,0,1,1.0,0.15254237288135594,6.7778,9,0,False
code_0719,116,73,1.0,1,0,0,0,0.0,0.14655172413793102,11.2222,18,0,False
code_0720,164,106,1.6666666666666667,3,3,0,2,1.1,0.14634146341463414,13.3636,11,0,False
code_0721,82,48,1.0,1,0,0,4,2.2,0.2073170731707317,9.0,12,0,False
code_0722,132,77,1.5,2,4,2,1,1.0,0.21212121212121213,9.375,16,0,False
code_0723,113,77,0.0,0,0,0,0,0.0,0.10619469026548672,0.0,0,0,True
code_0724,99,72,1.0,1,0,0,3,1.4615,0.1414141414141414,9.4737,19,0,False
code_0725,129,88,1.0,1,0,1,1,1.0,0.16279069767441862,9.4545,11,0,False
code_0726,114,76,2.0,2,3,0,1,1.0,0.10526315789473684,14.4167,12,0,False
