file_id,loc,sloc,cyclomatic_avg,cyclomatic_max,function_count,class_count,nesting_depth_max,nesting_depth_avg,comment_ratio,avg_var_name_len,unique_var_count,halstead_vocab,parse_error,quality_score,label
code_0001,132,108,1.7142857142857142,4,7,0,6,2.5,0.0,7.4091,22,0,False,0.5245,Moderate
code_0002,101,81,1.7142857142857142,5,7,0,5,2.6,0.0,7.5,16,0,False,0.4769,Moderate
code_0003,112,91,1.5,3,7,1,4,2.0,0.0,7.7391,23,0,False,0.3757,Moderate
code_0004,141,115,1.8571428571428568,3,7,0,7,2.8333,0.0,7.4667,15,0,False,0.5686,Moderate
code_0005,82,62,1.375,3,10,0,2,1.1429,0.073170731707317,7.5714,7,0,False,0.2224,Good
code_0006,145,111,1.6521739130434785,5,18,5,3,1.625,0.0,8.4286,14,0,False,0.2889,Good
code_0007,194,152,1.6896551724137931,4,23,6,3,1.3333,0.0,8.25,20,0,False,0.2759,Good
code_0008,228,177,1.9615384615384612,10,21,5,4,1.75,0.0,6.3182,22,0,False,0.5366,Moderate
code_0009,220,169,1.6785714285714286,4,22,6,1,1.0,0.0,6.9375,16,0,False,0.2606,Good
code_0010,168,128,1.5416666666666667,3,19,5,1,1.0,0.0,7.9167,12,0,False,0.1958,Good
code_0011,0,0,1.0,1,0,0,0,0.0,0.0,0.0,0,0,False,0.135,Good
code_0012,71,51,2.2,3,8,2,2,1.125,0.0140845070422535,7.875,16,0,False,0.2618,Good
code_0013,143,86,1.5625,3,15,3,1,1.0,0.1328671328671328,6.1429,7,0,False,0.1773,Good
code_0014,153,96,1.6428571428571428,3,13,1,2,1.2857,0.1045751633986928,7.8095,21,0,False,0.2624,Good
code_0015,146,93,2.583333333333333,5,7,5,2,1.1667,0.1095890410958904,8.8571,14,0,False,0.3445,Good
code_0016,130,95,1.0,1,8,0,1,1.0,0.0076923076923076,8.4444,9,0,False,0.2175,Good
code_0017,91,61,2.75,4,4,0,4,1.8333,0.0109890109890109,5.5,20,0,False,0.4898,Moderate
code_0018,118,89,1.1428571428571428,2,7,0,1,1.0,0.0084745762711864,6.4,10,0,False,0.2548,Good
code_0019,102,78,1.5,3,6,0,2,1.25,0.0098039215686274,6.2353,17,0,False,0.3164,Good
code_0020,120,75,1.6363636363636365,4,11,0,3,1.375,0.0083333333333333,5.75,12,0,False,0.3597,Moderate
code_0021,96,71,1.6923076923076923,3,8,5,2,1.2,0.0104166666666666,6.2308,13,0,False,0.2401,Good
code_0022,94,73,2.3846153846153846,4,10,3,4,1.8462,0.0106382978723404,6.875,8,0,False,0.3884,Moderate
code_0023,102,76,2.1333333333333333,6,12,3,4,1.8182,0.0098039215686274,4.3636,11,0,False,0.4199,Moderate
code_0024,101,72,2.1875,5,12,4,3,1.6667,0.0099009900990099,4.6667,9,0,False,0.353,Moderate
code_0025,113,81,1.894736842105263,6,14,5,1,1.0,0.0088495575221238,2.75,4,0,False,0.284,Good
code_0026,110,84,1.8571428571428568,3,11,3,2,1.2222,0.0181818181818181,5.3846,13,0,False,0.2769,Good
code_0027,121,94,1.7142857142857142,3,11,3,2,1.1667,0.0165289256198347,6.0,22,0,False,0.2707,Good
code_0028,159,115,2.6,5,12,3,2,1.1538,0.0125786163522012,8.4444,27,0,False,0.3841,Moderate
code_0029,152,108,2.9,6,8,2,3,1.5333,0.0131578947368421,6.9722,36,0,False,0.5001,Moderate
code_0030,105,75,2.076923076923077,6,10,3,2,1.2222,0.019047619047619,5.5,12,0,False,0.3481,Good
code_0031,124,91,1.1428571428571428,2,7,0,1,1.0,0.0080645161290322,5.4118,17,0,False,0.263,Good
code_0032,97,65,1.25,2,8,0,1,1.0,0.0103092783505154,4.7692,13,0,False,0.2304,Good
code_0033,129,94,1.0,1,6,0,1,1.0,0.0077519379844961,6.5882,17,0,False,0.2394,Good
code_0034,121,87,1.2,2,5,0,1,1.0,0.0082644628099173,7.0952,21,0,False,0.2619,Good
code_0035,159,112,1.8571428571428568,7,7,0,1,1.0,0.0062893081761006,5.4,15,0,False,0.4529,Moderate
code_0036,109,78,1.8571428571428568,3,7,0,3,1.4615,0.0091743119266055,6.84,25,0,False,0.3619,Moderate
code_0037,129,100,2.6,13,9,1,7,3.0833,0.0077519379844961,5.0,14,0,False,0.7868,Bad
code_0038,141,106,2.5384615384615383,9,12,1,7,2.2273,0.0070921985815602,7.0714,14,0,False,0.6615,Bad
code_0039,156,116,2.727272727272727,10,10,1,8,2.3077,0.0064102564102564,6.0,14,0,False,0.7687,Bad
code_0040,112,87,1.9090909090909087,6,9,2,2,1.375,0.0357142857142857,5.25,8,0,False,0.3736,Moderate
code_0041,97,67,1.1666666666666667,2,6,0,1,1.0,0.0103092783505154,6.5263,19,0,False,0.2243,Good
code_0042,80,50,1.0,1,6,0,1,1.0,0.0125,6.7273,11,0,False,0.173,Good
code_0043,96,67,1.0,1,6,0,1,1.0,0.0104166666666666,7.4,10,0,False,0.1935,Good
code_0044,110,77,1.8333333333333333,6,6,0,3,1.6667,0.009090909090909,7.25,12,0,False,0.4391,Moderate
code_0045,67,41,2.4,6,5,0,3,1.5,0.0149253731343283,6.4444,18,0,False,0.4214,Moderate
code_0046,83,67,1.3333333333333333,2,3,0,1,1.0,0.0,5.0,3,0,False,0.2752,Good
code_0047,125,102,1.6666666666666667,3,3,0,1,1.0,0.0,6.5,4,0,False,0.3617,Moderate
code_0048,115,93,2.5,5,6,0,1,1.0,0.0,4.0,8,0,False,0.4331,Moderate
code_0049,114,94,2.333333333333333,4,6,0,2,1.25,0.0,7.1,10,0,False,0.4133,Moderate
code_0050,64,36,5.0,5,1,0,3,1.7778,0.234375,7.9048,21,0,False,0.5111,Moderate
code_0051,102,73,2.8,7,5,0,2,1.2857,0.0098039215686274,4.4348,23,0,False,0.4944,Moderate
code_0052,67,57,1.75,3,4,0,2,1.25,0.0,8.4286,14,0,False,0.2959,Good
code_0053,105,81,2.142857142857143,3,7,0,2,1.1429,0.0,8.2258,31,0,False,0.3303,Good
code_0054,92,68,1.5714285714285714,2,7,0,1,1.0,0.0,7.9167,12,0,False,0.2382,Good
code_0055,118,80,1.8888888888888888,4,9,0,2,1.3333,0.0,7.8125,16,0,False,0.3466,Good
code_0056,140,102,2.1818181818181817,4,10,1,2,1.2353,0.0142857142857142,6.8824,17,0,False,0.3758,Moderate
code_0057,109,72,2.6666666666666665,3,4,0,2,1.3333,0.036697247706422,8.7917,24,0,False,0.3783,Moderate
code_0058,208,156,2.333333333333333,5,17,1,2,1.1071,0.0048076923076923,6.6471,17,0,False,0.4428,Moderate
code_0059,136,87,2.4444444444444446,13,9,0,7,2.1,0.0073529411764705,6.1818,11,0,False,0.7614,Bad
code_0060,167,116,2.375,9,14,2,6,1.875,0.0059880239520958,5.4444,18,0,False,0.6214,Bad
code_0061,102,73,2.8,7,5,0,2,1.2857,0.0098039215686274,4.4348,23,0,False,0.4944,Moderate
code_0062,0,0,1.0,1,0,0,0,0.0,0.0,0.0,0,0,False,0.135,Good
code_0063,97,70,2.0,5,6,0,2,1.4,0.0103092783505154,5.0,25,0,False,0.385,Moderate
code_0064,99,70,2.0,4,6,0,2,1.2,0.0101010101010101,4.625,24,0,False,0.3666,Moderate
code_0065,91,57,1.6,4,5,0,2,1.5,0.0109890109890109,3.6923,26,0,False,0.3448,Good
code_0066,42,29,3.0,3,1,0,2,1.25,0.0238095238095238,4.6,10,0,False,0.3864,Moderate
code_0067,30,20,1.0,1,1,0,2,1.5,0.0333333333333333,8.0,6,0,False,0.1799,Good
code_0068,59,42,4.0,4,1,0,2,1.5,0.0169491525423728,5.5417,24,0,False,0.4833,Moderate
code_0069,37,28,1.5,2,2,0,3,1.8,0.027027027027027,5.8,5,0,False,0.2913,Good
code_0070,75,55,3.0,4,2,0,3,1.625,0.0133333333333333,5.1538,26,0,False,0.4671,Moderate
code_0071,58,41,2.0,4,2,1,2,1.3333,0.0862068965517241,7.2857,7,0,False,0.3018,Good
code_0072,154,126,1.0,1,4,0,1,1.0,0.0259740259740259,10.5385,13,0,False,0.2633,Good
code_0073,104,69,1.8,6,9,1,3,1.5556,0.0,6.5625,16,0,False,0.3928,Moderate
code_0074,104,72,2.0,4,7,2,2,1.1667,0.0,7.8571,14,0,False,0.3248,Good
code_0075,44,33,3.333333333333333,7,3,0,2,1.25,0.0227272727272727,7.75,8,0,False,0.4536,Moderate
code_0076,42,29,2.6666666666666665,4,3,0,2,1.3333,0.0238095238095238,7.5,4,0,False,0.3532,Moderate
code_0077,63,49,2.2,5,5,0,3,1.7143,0.0158730158730158,6.7692,13,0,False,0.3958,Moderate
code_0078,28,21,2.5,4,2,0,1,1.0,0.0357142857142857,7.8,5,0,False,0.2888,Good
code_0079,50,40,2.1666666666666665,4,6,0,2,1.25,0.02,5.1333,15,0,False,0.3185,Good
code_0080,68,50,3.0,6,3,0,1,1.0,0.0147058823529411,6.1818,11,0,False,0.4193,Moderate
code_0081,85,57,4.0,5,4,0,2,1.4545,0.0117647058823529,4.6842,19,0,False,0.5215,Moderate
code_0082,55,37,1.75,2,4,0,1,1.0,0.0181818181818181,6.5,10,0,False,0.229,Good
code_0083,75,52,2.2,5,5,0,1,1.0,0.0133333333333333,4.8571,14,0,False,0.3464,Good
code_0084,142,103,2.555555555555556,6,8,1,3,1.25,0.028169014084507,7.3636,22,0,False,0.4761,Moderate
code_0085,116,80,1.9,5,9,1,4,1.6923,0.0344827586206896,5.6875,16,0,False,0.424,Moderate
code_0086,121,83,1.7,4,8,2,1,1.0,0.0330578512396694,6.5294,17,0,False,0.2798,Good
code_0087,139,94,1.4,4,9,1,1,1.0,0.0287769784172661,9.0,20,0,False,0.268,Good
code_0088,135,93,1.4545454545454546,3,9,2,1,1.0,0.0296296296296296,7.2667,15,0,False,0.2514,Good
code_0089,76,55,1.818181818181818,3,7,4,1,1.0,0.0131578947368421,6.8,10,0,False,0.2052,Good
code_0090,52,37,2.0,3,4,1,1,1.0,0.0384615384615384,8.1667,6,0,False,0.2329,Good
code_0091,74,53,1.818181818181818,3,7,4,2,1.3333,0.0135135135135135,8.25,8,0,False,0.2303,Good
code_0092,73,54,1.818181818181818,3,7,4,1,1.0,0.0136986301369863,6.75,8,0,False,0.2039,Good
code_0093,74,55,1.818181818181818,3,7,4,1,1.0,0.0135135135135135,6.125,8,0,False,0.21,Good
code_0094,33,24,2.0,3,2,0,1,1.0,0.0,5.6667,6,0,False,0.2705,Good
code_0095,47,39,1.4285714285714286,2,5,2,1,1.0,0.0,8.5556,9,0,False,0.1604,Good
code_0096,72,61,1.75,2,4,0,1,1.0,0.0,5.1538,13,0,False,0.2724,Good
code_0097,49,40,1.3333333333333333,2,3,0,1,1.0,0.0,5.4286,7,0,False,0.2235,Good
code_0098,53,41,3.25,5,3,1,2,1.1429,0.0,7.0,6,0,False,0.4215,Moderate
code_0099,79,53,2.4,5,5,0,2,1.4286,0.0379746835443038,7.0,10,0,False,0.3811,Moderate
code_0100,46,35,2.0,3,3,0,2,1.25,0.0652173913043478,8.2,5,0,False,0.2742,Good
code_0101,65,48,2.333333333333333,4,6,0,3,1.5714,0.0615384615384615,8.5714,7,0,False,0.3499,Good
code_0102,53,39,1.4,3,5,0,2,1.3333,0.0566037735849056,6.6667,3,0,False,0.2451,Good
code_0103,69,51,1.4,3,5,0,2,1.3333,0.0434782608695652,7.0,4,0,False,0.2675,Good
code_0104,99,73,2.25,4,4,0,1,1.0,0.0,8.5833,24,0,False,0.3403,Good
code_0105,61,45,1.6666666666666667,3,3,0,1,1.0,0.0,5.7,10,0,False,0.2738,Good
code_0106,93,65,1.4285714285714286,3,7,0,1,1.0,0.032258064516129,7.2143,14,0,False,0.2394,Good
code_0107,96,77,3.5,5,2,0,1,1.0,0.0,5.0,13,0,False,0.4932,Moderate
code_0108,94,66,2.0,6,6,0,5,2.4286,0.0212765957446808,6.2727,11,0,False,0.51,Moderate
code_0109,69,53,4.5,8,3,1,6,2.9091,0.0,6.6,5,0,False,0.7453,Bad
code_0110,43,31,2.25,4,3,1,3,1.5,0.0,5.7143,7,0,False,0.3683,Moderate
code_0111,65,49,2.5,5,5,1,3,1.5714,0.0,4.5714,7,0,False,0.428,Moderate
code_0112,89,68,2.625,6,7,1,4,2.0833,0.0,7.3846,13,0,False,0.4872,Moderate
code_0113,77,54,2.2,4,5,0,1,1.0,0.0,5.7222,18,0,False,0.3249,Good
code_0114,35,26,2.0,3,3,0,2,1.2,0.0285714285714285,6.0,4,0,False,0.2888,Good
code_0115,61,42,5.333333333333333,9,3,0,3,1.4545,0.0163934426229508,4.8,5,0,False,0.7052,Bad
code_0116,55,40,3.5,6,4,0,2,1.2857,0.0181818181818181,5.0909,11,0,False,0.4702,Moderate
code_0117,55,41,2.0,4,4,0,1,1.0,0.0181818181818181,6.5,4,0,False,0.292,Good
code_0118,75,58,3.0,5,4,0,3,1.5556,0.0133333333333333,4.7143,7,0,False,0.4896,Moderate
code_0119,54,43,2.6666666666666665,6,3,0,4,2.2,0.0,7.6154,13,0,False,0.4906,Moderate
code_0120,51,42,1.5,2,2,0,1,1.0,0.0,7.2857,7,0,False,0.2315,Good
code_0121,54,41,2.0,3,4,0,2,1.25,0.0,7.625,16,0,False,0.2958,Good
code_0122,79,61,2.8,4,5,0,4,1.9231,0.0,6.8333,18,0,False,0.4725,Moderate
code_0123,85,68,1.75,3,6,2,1,1.0,0.0,8.0,4,0,False,0.2512,Good
code_0124,58,37,2.0,3,4,0,1,1.0,0.0172413793103448,4.3333,3,0,False,0.2897,Good
code_0125,57,43,4.0,7,2,0,1,1.0,0.0175438596491228,5.6667,3,0,False,0.5081,Moderate
code_0126,101,74,2.25,5,4,0,2,1.4286,0.0,5.6471,34,0,False,0.4155,Moderate
code_0127,56,42,1.4,3,5,0,2,1.5,0.0,3.8571,14,0,False,0.2856,Good
code_0128,78,55,3.333333333333333,6,3,0,2,1.5,0.0,5.9565,23,0,False,0.4909,Moderate
code_0129,165,130,1.9230769230769231,3,10,3,2,1.3,0.0121212121212121,6.7647,17,0,False,0.3543,Moderate
code_0130,158,117,1.4444444444444444,3,9,0,2,1.125,0.0063291139240506,6.7586,29,0,False,0.3453,Good
code_0131,238,180,2.076923076923077,4,13,0,1,1.0,0.0042016806722689,4.7368,19,0,False,0.4715,Moderate
code_0132,211,164,1.6666666666666667,6,9,0,1,1.0,0.0047393364928909,5.4286,14,0,False,0.4818,Moderate
code_0133,173,137,1.6,2,5,0,1,1.0,0.0231213872832369,4.6667,9,0,False,0.385,Moderate
code_0134,127,87,1.75,4,11,1,2,1.2857,0.0314960629921259,4.9474,19,0,False,0.3269,Good
code_0135,135,91,2.090909090909091,4,11,0,4,1.55,0.0518518518518518,6.3333,18,0,False,0.4212,Moderate
code_0136,152,99,1.9,4,10,0,4,1.5625,0.0328947368421052,6.6,25,0,False,0.4355,Moderate
code_0137,208,153,1.5833333333333333,3,12,0,1,1.0,0.0336538461538461,7.2105,19,0,False,0.3564,Moderate
code_0138,52,34,2.0,3,2,0,3,2.1667,0.0192307692307692,5.7,10,0,False,0.3671,Moderate
code_0139,96,71,2.0,4,3,0,1,1.0,0.0104166666666666,6.3846,13,0,False,0.3495,Good
code_0140,93,62,2.25,4,4,0,3,1.4286,0.010752688172043,10.2105,19,0,False,0.3864,Moderate
code_0141,102,69,2.75,5,4,0,1,1.0,0.0098039215686274,5.95,20,0,False,0.412,Moderate
code_0142,101,68,4.25,8,4,0,2,1.5,0.0099009900990099,5.5,22,0,False,0.6103,Bad
code_0143,83,64,1.2,2,5,0,1,1.0,0.0120481927710843,10.125,8,0,False,0.2021,Good
code_0144,157,122,1.0,1,2,0,1,1.0,0.0063694267515923,9.3333,6,0,False,0.301,Good
code_0145,70,50,1.5,2,2,0,1,1.0,0.0142857142857142,6.5,2,0,False,0.2571,Good
code_0146,128,73,1.6,3,6,0,1,1.0,0.1484375,7.0,29,0,False,0.2406,Good
code_0147,91,69,1.4,2,5,0,2,1.25,0.0879120879120879,6.625,8,0,False,0.2593,Good
code_0148,57,44,3.0,5,2,0,3,1.8,0.0526315789473684,9.125,8,0,False,0.4389,Moderate
code_0149,84,61,2.0,3,2,1,1,1.0,0.1071428571428571,10.1667,12,0,False,0.246,Good
code_0150,83,59,2.2,4,4,1,1,1.0,0.0963855421686747,6.3636,11,0,False,0.2937,Good
code_0151,67,51,1.1666666666666667,2,8,0,1,1.0,0.0746268656716417,10.0,2,0,False,0.1375,Good
code_0152,124,95,1.6470588235294117,4,13,4,2,1.4286,0.0483870967741935,7.3636,11,0,False,0.2525,Good
code_0153,53,43,1.75,3,6,2,2,1.3333,0.0188679245283018,5.4,5,0,False,0.2578,Good
code_0154,44,35,2.0,3,4,1,1,1.0,0.0454545454545454,6.6,5,0,False,0.2348,Good
code_0155,35,29,1.8333333333333333,3,4,2,1,1.0,0.0285714285714285,6.75,4,0,False,0.2053,Good
code_0156,34,22,1.6,3,4,1,1,1.0,0.1176470588235294,9.0,5,0,False,0.1481,Good
code_0157,62,47,6.0,6,1,0,4,2.2,0.064516129032258,8.375,16,0,False,0.7027,Bad
code_0158,45,40,2.5,3,2,0,4,2.2,0.0,9.7,10,0,False,0.4061,Moderate
code_0159,35,24,1.0,1,1,0,1,1.0,0.1428571428571428,4.5,4,0,False,0.1337,Good
code_0160,32,25,1.0,1,2,0,1,1.0,0.03125,7.1429,7,0,False,0.1423,Good
code_0161,35,25,3.0,3,1,0,2,1.5,0.0857142857142857,6.5,4,0,False,0.3513,Moderate
code_0162,54,51,1.0,1,2,0,1,1.0,0.0,10.0,3,0,False,0.1701,Good
code_0163,32,23,2.0,2,1,0,2,1.3333,0.09375,8.0,5,0,False,0.2441,Good
code_0164,40,32,1.0,1,1,0,1,1.0,0.075,3.0,2,0,False,0.1803,Good
code_0165,36,32,1.0,1,1,0,1,1.0,0.0,12.3333,3,0,False,0.1338,Good
code_0166,46,40,1.0,1,1,0,1,1.0,0.0,7.0,2,0,False,0.1877,Good
code_0167,22,17,1.6,3,4,1,2,1.3333,0.0,7.0,1,0,False,0.233,Good
code_0168,21,18,1.0,1,1,0,1,1.0,0.0476190476190476,15.0,1,0,False,0.077,Good
code_0169,19,16,1.0,1,1,0,1,1.0,0.0526315789473684,10.0,1,0,False,0.1095,Good
code_0170,21,18,1.0,1,1,0,1,1.0,0.0476190476190476,12.0,1,0,False,0.0994,Good
code_0171,16,13,1.0,1,1,0,1,1.0,0.0625,14.0,1,0,False,0.0718,Good
code_0172,34,30,1.25,2,3,1,2,1.5,0.0,6.2857,7,0,False,0.2205,Good
code_0173,25,21,2.25,3,3,1,2,1.3333,0.0,6.0,9,0,False,0.2896,Good
code_0174,21,18,4.5,5,1,1,1,1.0,0.0,7.0,3,0,False,0.4471,Moderate
code_0175,22,16,2.25,3,3,1,1,1.0,0.0454545454545454,6.5556,9,0,False,0.226,Good
code_0176,20,15,3.333333333333333,5,2,1,2,1.25,0.05,10.5,4,0,False,0.3506,Moderate
code_0177,27,23,1.0,1,0,0,0,0.0,0.0,6.0,11,0,False,0.1185,Good
code_0178,28,23,1.0,1,0,0,0,0.0,0.0,5.8,5,0,False,0.1256,Good
code_0179,19,15,1.0,1,0,0,0,0.0,0.0,7.5,2,0,False,0.1028,Good
code_0180,23,17,1.0,1,0,0,0,0.0,0.0,8.4286,7,0,False,0.0965,Good
code_0181,18,14,1.0,1,0,0,0,0.0,0.0,6.0,4,0,False,0.1109,Good
code_0182,25,19,1.5,2,2,0,2,1.4,0.0,7.6667,6,0,False,0.232,Good
code_0183,31,23,1.0,1,1,0,1,1.0,0.0,4.6667,3,0,False,0.1811,Good
code_0184,31,26,2.5,3,3,1,3,1.4286,0.0,5.875,8,0,False,0.3484,Good
code_0185,26,21,5.0,5,1,0,3,1.6667,0.0,9.375,8,0,False,0.552,Moderate
code_0186,37,33,2.5,4,3,1,3,1.6,0.0,7.0,4,0,False,0.3757,Moderate
code_0187,33,27,1.0,1,1,0,1,1.0,0.0,6.8333,6,0,False,0.1668,Good
code_0188,26,21,2.0,2,1,0,1,1.0,0.0,5.0,7,0,False,0.2552,Good
code_0189,25,20,1.0,1,1,0,1,1.0,0.0,6.0,4,0,False,0.1635,Good
code_0190,39,33,2.0,3,2,0,2,1.3333,0.0,7.5,4,0,False,0.3064,Good
code_0191,34,27,1.0,1,2,0,1,1.0,0.0,12.0,10,0,False,0.118,Good
code_0192,58,51,1.0,1,3,0,1,1.0,0.0,6.0,4,0,False,0.1945,Good
code_0193,49,42,1.0,1,1,0,1,1.0,0.0,3.5,2,0,False,0.2175,Good
code_0194,25,18,3.0,5,2,0,3,1.8,0.04,3.6667,3,0,False,0.445,Moderate
code_0195,32,26,2.0,3,3,0,1,1.0,0.0,6.75,4,0,False,0.2564,Good
code_0196,26,20,1.0,1,1,0,1,1.0,0.0,9.7,10,0,False,0.132,Good
code_0197,26,21,3.0,3,1,0,2,1.3333,0.0384615384615384,6.8,5,0,False,0.352,Moderate
code_0198,21,16,2.0,2,1,0,1,1.0,0.0476190476190476,7.75,4,0,False,0.2125,Good
code_0199,19,13,2.0,2,1,0,1,1.0,0.0526315789473684,5.6667,6,0,False,0.2211,Good
code_0200,24,19,1.25,2,3,1,1,1.0,0.0416666666666666,7.5,4,0,False,0.1427,Good
code_0201,30,25,2.5,4,3,1,3,1.6,0.0333333333333333,7.8,5,0,False,0.3461,Good
code_0202,117,90,2.0,4,10,1,3,1.4286,0.0512820512820512,7.5455,11,0,False,0.358,Moderate
code_0203,121,89,3.0,6,6,1,2,1.3636,0.0578512396694214,7.4737,19,0,False,0.4574,Moderate
code_0204,110,83,2.5,7,9,1,3,1.3333,0.0636363636363636,6.6667,6,0,False,0.4516,Moderate
code_0205,175,136,2.6923076923076925,7,12,1,3,1.3704,0.0514285714285714,6.6,20,0,False,0.5223,Moderate
code_0206,125,100,1.9230769230769231,3,12,2,3,1.5,0.048,6.9048,21,0,False,0.3166,Good
code_0207,66,50,4.0,6,3,0,3,1.5714,0.0757575757575757,6.5,8,0,False,0.5338,Moderate
code_0208,68,52,2.1666666666666665,6,5,1,2,1.5,0.0735294117647058,6.9375,16,0,False,0.3467,Good
code_0209,58,46,2.0,4,4,1,2,1.25,0.0517241379310344,6.625,8,0,False,0.3039,Good
code_0210,74,57,2.0,4,5,1,1,1.0,0.0135135135135135,6.24,25,0,False,0.2837,Good
code_0211,73,59,2.0,4,5,1,3,1.6,0.0136986301369863,5.2667,15,0,False,0.3726,Moderate
code_0212,40,23,3.0,3,1,0,2,1.25,0.225,3.75,8,0,False,0.3159,Good
code_0213,34,23,2.0,2,1,0,2,1.5,0.1470588235294117,2.625,8,0,False,0.2674,Good
code_0214,62,44,3.0,3,1,0,2,1.4,0.1290322580645161,7.6667,12,0,False,0.353,Moderate
code_0215,36,25,3.0,3,1,0,3,1.8,0.1388888888888889,9.5714,7,0,False,0.3443,Good
code_0216,49,29,2.0,2,1,0,2,1.3333,0.1836734693877551,8.4545,11,0,False,0.2213,Good
code_0217,67,43,2.6666666666666665,6,3,0,2,1.4,0.1492537313432835,7.1111,9,0,False,0.3769,Moderate
code_0218,108,89,1.0,1,1,0,1,1.0,0.0462962962962962,9.75,4,0,False,0.2313,Good
code_0219,92,65,1.0,1,1,0,1,1.0,0.108695652173913,9.3333,3,0,False,0.1843,Good
code_0220,55,32,1.2,2,4,1,1,1.0,0.1818181818181818,11.875,8,0,False,0.079,Good
code_0221,53,39,4.5,7,2,0,2,1.25,0.0943396226415094,8.3333,9,0,False,0.5182,Moderate
code_0222,34,25,3.0,3,2,0,2,1.4,0.0,7.5,4,0,False,0.3641,Moderate
code_0223,45,34,2.5,3,2,0,2,1.25,0.0444444444444444,6.8889,9,0,False,0.3275,Good
code_0224,40,33,2.0,2,2,0,1,1.0,0.025,7.4444,9,0,False,0.2375,Good
code_0225,61,42,5.0,9,2,0,1,1.0,0.0983606557377049,9.0714,14,0,False,0.5522,Moderate
code_0226,61,46,3.5,6,2,0,1,1.0,0.0655737704918032,9.0,6,0,False,0.4162,Moderate
code_0227,64,44,2.0,3,3,0,2,1.25,0.09375,12.4286,7,0,False,0.2515,Good
code_0228,56,43,1.5,2,2,0,1,1.0,0.0535714285714285,10.8,5,0,False,0.1923,Good
code_0229,63,46,2.333333333333333,3,3,0,2,1.25,0.0793650793650793,9.2222,9,0,False,0.3012,Good
code_0230,114,86,1.6666666666666667,3,8,4,2,1.2,0.0701754385964912,8.2222,18,0,False,0.2355,Good
code_0231,96,75,1.9,4,7,3,2,1.3333,0.0625,8.1739,23,0,False,0.2714,Good
code_0232,99,73,1.7,4,5,5,2,1.6,0.0909090909090909,9.125,16,0,False,0.243,Good
code_0233,119,96,2.0,4,4,4,4,1.7778,0.0336134453781512,8.9259,27,0,False,0.393,Moderate
code_0234,106,84,1.75,3,5,3,2,1.3333,0.0377358490566037,8.1429,21,0,False,0.2827,Good
code_0235,51,39,2.0,3,3,0,2,1.3333,0.0784313725490196,7.0,5,0,False,0.2867,Good
code_0236,39,31,1.0,1,3,0,1,1.0,0.0512820512820512,10.5,4,0,False,0.114,Good
code_0237,50,40,3.0,5,2,0,4,2.2,0.08,11.0,2,0,False,0.4501,Moderate
code_0238,37,28,1.0,1,2,0,1,1.0,0.054054054054054,12.0,2,0,False,0.1079,Good
code_0239,34,25,1.0,1,2,0,1,1.0,0.0588235294117647,12.0,2,0,False,0.1018,Good
code_0240,57,36,3.0,3,1,0,1,1.0,0.1403508771929824,6.1667,6,0,False,0.3169,Good
code_0241,58,41,2.5,3,2,0,2,1.25,0.1034482758620689,10.25,8,0,False,0.2972,Good
code_0242,97,69,2.0,2,3,0,1,1.0,0.1134020618556701,5.7692,13,0,False,0.277,Good
code_0243,55,40,2.0,3,2,0,1,1.0,0.109090909090909,6.0,5,0,False,0.2576,Good
code_0244,57,42,3.0,3,1,0,1,1.0,0.087719298245614,9.6667,9,0,False,0.3113,Good
code_0245,66,48,2.2,4,4,1,2,1.1667,0.0757575757575757,6.1667,6,0,False,0.3195,Good
code_0246,61,49,2.0,4,4,1,2,1.3333,0.0491803278688524,8.7143,7,0,False,0.2961,Good
code_0247,68,49,2.0,4,4,1,3,1.75,0.088235294117647,10.6667,6,0,False,0.3132,Good
code_0248,85,67,2.0,3,4,1,1,1.0,0.0705882352941176,9.25,4,0,False,0.2611,Good
code_0249,62,44,2.4,6,4,1,3,1.6,0.0967741935483871,7.75,4,0,False,0.3877,Moderate
code_0250,74,49,1.5,2,4,0,1,1.0,0.1486486486486486,6.3636,11,0,False,0.189,Good
code_0251,105,86,1.3333333333333333,2,3,0,1,1.0,0.0857142857142857,9.0,5,0,False,0.243,Good
code_0252,105,82,1.5,3,4,0,1,1.0,0.0666666666666666,7.5,12,0,False,0.2756,Good
code_0253,136,122,3.333333333333333,8,3,0,1,1.0,0.0220588235294117,6.8333,6,0,False,0.5787,Moderate
code_0254,87,55,2.1666666666666665,6,5,1,2,1.25,0.1954022988505747,6.625,8,0,False,0.324,Good
code_0255,77,60,6.5,11,3,1,5,2.7143,0.0519480519480519,5.3333,9,0,False,0.8992,Bad
code_0256,76,52,4.0,5,3,1,5,2.0,0.0789473684210526,5.5556,9,0,False,0.5857,Moderate
code_0257,71,59,3.5,11,5,1,3,1.9,0.0140845070422535,7.5714,7,0,False,0.6019,Bad
code_0258,79,66,3.333333333333333,9,5,1,5,2.3636,0.0126582278481012,6.3333,12,0,False,0.6391,Bad
code_0259,68,51,2.0,4,4,1,3,1.8571,0.0294117647058823,7.15,20,0,False,0.3529,Moderate
code_0260,51,36,1.5,2,5,1,1,1.0,0.0980392156862745,9.1667,6,0,False,0.142,Good
code_0261,78,64,3.1666666666666665,6,5,1,2,1.4,0.0256410256410256,6.8,10,0,False,0.4492,Moderate
code_0262,66,46,2.6,4,4,1,2,1.5,0.106060606060606,5.5,10,0,False,0.3421,Good
code_0263,56,41,2.25,4,3,1,2,1.5,0.0714285714285714,5.0,4,0,False,0.3367,Good
code_0264,77,66,3.0,5,4,1,4,2.1111,0.0129870129870129,7.0,8,0,False,0.5073,Moderate
code_0265,65,47,2.5,4,3,1,3,1.6667,0.1076923076923077,8.25,8,0,False,0.3578,Moderate
code_0266,83,69,2.5,4,2,0,2,1.25,0.0481927710843373,9.1,10,0,False,0.3822,Moderate
code_0267,64,45,5.0,8,2,1,4,2.375,0.109375,8.3636,11,0,False,0.6472,Bad
code_0268,78,60,6.25,14,3,1,7,3.1333,0.0641025641025641,6.2308,13,0,False,0.998,Bad
code_0269,83,66,1.5714285714285714,3,6,1,2,1.2,0.0481927710843373,5.7143,7,0,False,0.2814,Good
code_0270,54,42,4.0,4,1,0,1,1.0,0.037037037037037,10.4,5,0,False,0.41,Moderate
code_0271,54,43,4.0,4,1,0,1,1.0,0.074074074074074,7.0,1,0,False,0.4257,Moderate
code_0272,67,47,5.0,5,1,0,2,1.25,0.1343283582089552,12.8,5,0,False,0.4917,Moderate
code_0273,54,39,4.0,4,1,0,1,1.0,0.1296296296296296,10.25,4,0,False,0.3765,Moderate
code_0274,69,54,5.0,5,1,0,1,1.0,0.072463768115942,9.0,7,0,False,0.5112,Moderate
code_0275,71,51,5.0,5,1,0,3,2.0,0.1126760563380281,6.7143,7,0,False,0.595,Moderate
code_0276,78,55,1.5,3,5,1,1,1.0,0.1153846153846153,7.8889,9,0,False,0.1969,Good
code_0277,102,80,2.125,4,7,1,3,1.4167,0.0588235294117647,5.5455,11,0,False,0.3832,Moderate
code_0278,90,69,1.5,2,5,1,1,1.0,0.0555555555555555,7.4444,9,0,False,0.221,Good
code_0279,95,74,2.7142857142857144,9,6,1,6,2.6,0.0421052631578947,5.5,6,0,False,0.6447,Bad
code_0280,64,46,4.0,4,1,0,2,1.5,0.09375,8.8333,6,0,False,0.452,Moderate
code_0281,55,41,3.0,4,2,0,4,2.0,0.0727272727272727,8.0667,15,0,False,0.4453,Moderate
code_0282,96,70,2.7142857142857144,6,6,1,4,1.8462,0.09375,7.1818,11,0,False,0.4724,Moderate
code_0283,83,68,4.5,8,2,0,5,2.8,0.0240963855421686,7.0625,16,0,False,0.7337,Bad
code_0284,66,55,3.0,4,3,0,2,1.3333,0.0151515151515151,6.8333,12,0,False,0.413,Moderate
code_0285,82,63,1.5,2,5,1,1,1.0,0.048780487804878,5.4167,12,0,False,0.2258,Good
code_0286,84,67,3.333333333333333,7,3,0,5,2.4444,0.0357142857142857,6.4375,16,0,False,0.623,Bad
code_0287,76,61,4.333333333333333,6,3,0,3,1.5,0.0263157894736842,7.3333,18,0,False,0.5732,Moderate
code_0288,111,85,6.2,15,4,1,4,2.0526,0.054054054054054,6.6842,19,0,False,0.9314,Bad
code_0289,59,48,1.3333333333333333,2,3,0,1,1.0,0.0338983050847457,10.125,8,0,False,0.1888,Good
code_0290,139,105,1.0,1,3,0,1,1.0,0.0575539568345323,11.8,5,0,False,0.2312,Good
code_0291,74,55,2.0,2,1,0,1,1.0,0.081081081081081,7.1667,6,0,False,0.2719,Good
code_0292,116,83,2.1666666666666665,4,5,1,3,1.4286,0.0517241379310344,5.8,15,0,False,0.4133,Moderate
code_0293,92,77,3.6666666666666665,5,3,0,3,1.75,0.0217391304347826,5.5833,12,0,False,0.5578,Moderate
code_0294,72,57,2.25,5,3,1,2,1.2,0.0555555555555555,5.5,10,0,False,0.3708,Moderate
code_0295,109,72,2.0,4,4,0,2,1.2,0.1376146788990825,7.4706,17,0,False,0.3304,Good
code_0296,98,80,1.6,5,11,1,3,1.4286,0.0306122448979591,7.1429,7,0,False,0.335,Good
code_0297,94,72,2.1666666666666665,5,5,1,1,1.0,0.0531914893617021,5.8667,15,0,False,0.3367,Good
code_0298,61,54,2.1666666666666665,3,5,1,2,1.1667,0.0,7.0,5,0,False,0.3113,Good
code_0300,120,83,2.2,6,3,2,3,1.6,0.175,6.9412,17,0,False,0.4097,Moderate
code_0301,125,80,2.75,4,7,1,2,1.5,0.224,4.6667,3,0,False,0.3677,Moderate
code_0302,112,99,2.833333333333333,5,6,0,4,1.7273,0.0267857142857142,7.6111,18,0,False,0.5181,Moderate
code_0303,67,58,2.142857142857143,3,6,1,2,1.2857,0.0,7.0,7,0,False,0.3101,Good
code_0304,163,125,2.0,4,8,1,2,1.4545,0.1165644171779141,5.3333,12,0,False,0.3963,Moderate
code_0305,132,81,1.8,4,9,1,2,1.2857,0.1818181818181818,11.3636,11,0,False,0.2507,Good
code_0306,138,110,2.1538461538461537,4,10,3,3,1.4444,0.0797101449275362,12.0,11,0,False,0.3288,Good
code_0307,97,66,1.0,1,6,0,2,1.5,0.1752577319587628,8.3125,16,0,False,0.1631,Good
code_0308,89,72,1.5384615384615383,2,10,3,1,1.0,0.0449438202247191,8.4,5,0,False,0.1584,Good
code_0309,117,76,2.0,3,3,1,1,1.0,0.1538461538461538,7.5385,13,0,False,0.2769,Good
code_0310,99,56,1.2,2,5,0,1,1.0,0.2121212121212121,9.65,20,0,False,0.1321,Good
code_0311,90,50,1.25,2,4,0,1,1.0,0.2333333333333333,9.0,13,0,False,0.1348,Good
code_0312,200,139,1.5,3,22,4,2,1.1429,0.135,10.2308,13,0,False,0.1825,Good
code_0313,118,89,1.0,1,0,0,1,1.0,0.0847457627118644,9.6,10,0,False,0.2301,Good
code_0314,112,84,2.875,7,6,2,3,1.7778,0.1428571428571428,6.75,16,0,False,0.461,Moderate
code_0315,187,144,1.6470588235294117,3,14,3,2,1.1429,0.053475935828877,8.0,10,0,False,0.3097,Good
code_0316,157,115,1.5,2,13,3,1,1.0,0.1210191082802547,8.7143,7,0,False,0.1843,Good
code_0317,104,80,1.4285714285714286,4,5,2,2,1.3333,0.1153846153846153,9.3889,18,0,False,0.2552,Good
code_0318,106,71,2.25,3,4,0,2,1.3333,0.1886792452830188,8.1818,11,0,False,0.3076,Good
code_0319,159,118,1.4,3,17,3,2,1.1667,0.1194968553459119,8.8,25,0,False,0.1885,Good
code_0320,107,61,1.5454545454545454,2,8,3,1,1.0,0.2803738317757009,5.6,5,0,False,0.1186,Good
code_0321,144,116,3.25,6,3,1,2,1.6667,0.0972222222222222,17.9474,19,0,False,0.4476,Moderate
code_0322,93,70,4.0,5,3,0,3,1.8,0.053763440860215,9.0,18,0,False,0.5353,Moderate
code_0323,87,70,2.8,5,5,0,3,1.8,0.057471264367816,14.8182,11,0,False,0.3966,Moderate
code_0324,131,110,1.8333333333333333,2,6,0,1,1.0,0.0916030534351145,11.2308,13,0,False,0.2634,Good
code_0325,103,66,1.0,1,3,0,1,1.0,0.1650485436893204,13.1667,6,0,False,0.1269,Good
code_0326,78,56,2.0,3,5,0,2,1.1429,0.1538461538461538,8.2727,11,0,False,0.2585,Good
code_0327,155,109,4.0,5,4,0,4,2.2308,0.1483870967741935,9.5,12,0,False,0.6098,Bad
code_0328,102,82,4.75,7,4,0,4,1.9167,0.088235294117647,12.44,25,0,False,0.62,Bad
code_0329,198,141,1.8333333333333333,2,6,0,1,1.0,0.0858585858585858,10.0909,11,0,False,0.3512,Moderate
code_0330,117,75,1.5,2,2,0,1,1.0,0.1794871794871795,10.8125,16,0,False,0.2089,Good
code_0331,127,87,2.571428571428572,6,7,0,2,1.4615,0.1574803149606299,13.0,16,0,False,0.3654,Moderate
code_0332,96,57,2.5,4,4,0,3,1.4286,0.25,7.9333,15,0,False,0.3355,Good
code_0333,122,65,4.0,6,2,0,4,2.1429,0.2459016393442623,9.6667,12,0,False,0.552,Moderate
code_0334,95,79,1.0,1,0,0,1,1.0,0.0842105263157894,10.6923,13,0,False,0.1942,Good
code_0335,93,50,3.0,3,2,0,3,1.6667,0.2795698924731182,8.6,10,0,False,0.3509,Moderate
code_0336,151,117,1.3333333333333333,2,12,0,3,2.125,0.0927152317880794,10.85,20,0,False,0.2849,Good
code_0337,185,135,1.8,2,5,0,2,1.375,0.1351351351351351,8.2857,7,0,False,0.3793,Moderate
code_0338,64,51,2.333333333333333,3,3,0,2,1.3333,0.0625,8.6667,6,0,False,0.3195,Good
code_0339,112,84,2.0,2,4,0,1,1.0,0.1160714285714285,13.7619,21,0,False,0.2241,Good
code_0340,94,75,2.0,2,4,0,1,1.0,0.1063829787234042,11.0,4,0,False,0.241,Good
code_0341,134,102,2.0,3,7,0,2,1.2222,0.1417910447761194,7.2,5,0,False,0.3369,Good
code_0342,112,78,2.0,2,5,0,1,1.0,0.1607142857142857,11.7273,11,0,False,0.2194,Good
code_0343,81,49,3.0,4,2,0,3,1.6,0.2345679012345679,9.1,10,0,False,0.371,Moderate
code_0344,103,74,2.5,3,4,0,2,1.4286,0.1553398058252427,11.8947,19,0,False,0.3033,Good
code_0345,59,31,3.0,3,1,0,2,1.5,0.2372881355932203,11.4,10,0,False,0.279,Good
code_0346,112,92,1.0,1,0,0,2,1.1429,0.0892857142857142,17.0,9,0,False,0.2044,Good
code_0347,124,97,1.0,1,0,0,3,1.375,0.1451612903225806,7.9167,12,0,False,0.2979,Good
code_0348,131,101,3.8,8,5,0,3,1.4286,0.1221374045801526,9.4348,23,0,False,0.5768,Moderate
code_0349,83,52,1.0,1,0,0,2,1.5,0.180722891566265,10.4348,23,0,False,0.1672,Good
code_0350,48,30,2.5,4,2,0,2,1.25,0.2083333333333333,4.6667,3,0,False,0.3091,Good
code_0351,92,67,1.3333333333333333,2,6,0,1,1.0,0.1304347826086956,9.7273,11,0,False,0.1699,Good
code_0352,120,83,1.75,2,4,0,1,1.0,0.175,14.7778,9,0,False,0.1945,Good
code_0353,176,157,1.8,2,5,0,1,1.0,0.0284090909090909,13.4444,9,0,False,0.3457,Good
code_0354,172,138,1.2,2,5,0,1,1.0,0.1046511627906976,8.5455,11,0,False,0.2986,Good
code_0355,106,75,1.8333333333333333,2,6,0,1,1.0,0.1698113207547169,11.0,9,0,False,0.1973,Good
code_0356,171,143,2.0,3,7,0,2,1.1429,0.0760233918128654,8.0,6,0,False,0.4088,Moderate
code_0357,163,134,2.0,2,3,0,1,1.0,0.0981595092024539,11.6364,11,0,False,0.3362,Good
code_0358,71,51,2.6666666666666665,5,3,0,4,2.2,0.1549295774647887,9.8182,11,0,False,0.4192,Moderate
code_0359,91,54,2.6666666666666665,4,3,0,3,1.5714,0.2417582417582417,10.0,4,0,False,0.3476,Good
code_0360,116,87,3.0,3,2,0,1,1.0,0.1206896551724138,11.3333,9,0,False,0.3564,Moderate
code_0361,97,66,3.0,5,5,0,4,1.8,0.1855670103092783,19.7143,14,0,False,0.361,Moderate
code_0362,114,78,1.8,2,5,0,1,1.0,0.175438596491228,8.2857,7,0,False,0.2314,Good
code_0363,73,50,1.75,2,4,0,1,1.0,0.136986301369863,7.75,8,0,False,0.2014,Good
code_0364,88,58,4.0,6,3,0,5,2.2222,0.2159090909090909,8.6,5,0,False,0.5676,Moderate
code_0365,64,37,2.0,2,1,0,1,1.0,0.203125,15.0,13,0,False,0.1442,Good
code_0366,83,53,1.75,2,4,0,1,1.0,0.2048192771084337,10.3333,9,0,False,0.1671,Good
code_0367,93,53,2.5,4,2,0,1,1.0,0.2150537634408602,7.7895,19,0,False,0.2871,Good
code_0368,113,73,3.2,5,5,0,4,1.8333,0.1592920353982301,9.0,20,0,False,0.477,Moderate
code_0369,94,58,4.0,4,1,0,2,1.5,0.1914893617021276,7.0,19,0,False,0.4525,Moderate
code_0370,112,85,3.0,5,5,0,3,1.6364,0.0892857142857142,7.619,21,0,False,0.4708,Moderate
code_0371,142,88,4.5,5,2,0,2,1.1818,0.1690140845070422,10.0,26,0,False,0.5297,Moderate
code_0372,135,69,2.2,4,5,0,0,0.0,0.2518518518518518,8.3333,27,0,False,0.2141,Good
code_0373,120,75,2.75,5,4,0,4,1.8571,0.175,5.9286,14,0,False,0.4851,Moderate
code_0374,77,57,6.0,6,1,0,0,0.0,0.1168831168831168,6.5,18,0,False,0.5477,Moderate
code_0375,117,72,4.666666666666667,12,3,0,4,2.5556,0.2051282051282051,8.7391,23,0,False,0.7271,Bad
code_0376,87,56,3.0,6,4,0,2,1.4,0.2758620689655172,7.5,10,0,False,0.366,Moderate
code_0377,120,77,4.2,6,5,0,2,1.5385,0.1833333333333333,7.7059,17,0,False,0.5067,Moderate
code_0378,186,153,1.4444444444444444,3,7,2,3,1.7143,0.0698924731182795,8.7895,38,0,False,0.3781,Moderate
code_0379,112,66,3.0,3,1,0,0,0.0,0.2053571428571428,7.1429,21,0,False,0.288,Good
code_0380,103,63,4.333333333333333,7,3,0,2,1.5,0.2233009708737864,8.2632,19,0,False,0.5071,Moderate
code_0381,111,68,2.2,4,4,1,2,1.3333,0.1891891891891892,7.5556,18,0,False,0.3122,Good
code_0382,104,92,1.375,2,8,0,1,1.0,0.0,7.8571,14,0,False,0.2411,Good
code_0383,123,90,2.7142857142857144,6,7,0,5,1.8462,0.1219512195121951,5.5,10,0,False,0.5462,Moderate
code_0384,67,48,2.333333333333333,4,5,1,2,1.5,0.1492537313432835,10.4444,9,0,False,0.267,Good
code_0385,157,96,1.0,1,1,0,1,1.0,0.2038216560509554,11.1389,36,0,False,0.184,Good
code_0386,82,66,2.6666666666666665,4,6,0,2,1.25,0.0853658536585365,9.4,5,0,False,0.3468,Good
code_0387,121,84,1.8333333333333333,2,6,0,1,1.0,0.1487603305785124,5.6923,13,0,False,0.2594,Good
code_0388,71,47,1.0,1,0,0,1,1.0,0.1690140845070422,5.6923,13,0,False,0.1607,Good
code_0389,71,49,1.5,2,2,0,1,1.0,0.1549295774647887,9.0,8,0,False,0.1829,Good
code_0390,83,45,1.0,1,2,0,1,1.0,0.2409638554216867,9.7273,22,0,False,0.0903,Good
code_0391,82,58,3.0,5,3,0,2,1.4286,0.1707317073170731,12.0,11,0,False,0.3558,Moderate
code_0392,120,77,1.0,1,0,0,1,1.0,0.175,7.1429,21,0,False,0.2012,Good
code_0393,80,47,1.0,1,0,0,1,1.0,0.2125,6.9444,18,0,False,0.1392,Good
code_0394,58,30,1.0,1,1,0,0,0.0,0.2413793103448276,10.0,5,0,False,0.0284,Good
code_0395,68,43,2.0,3,2,0,2,1.5,0.1911764705882352,6.0,16,0,False,0.2726,Good
code_0396,94,60,3.0,3,3,0,3,1.6667,0.202127659574468,9.3636,11,0,False,0.3715,Moderate
code_0397,59,46,3.5,4,2,0,2,1.3333,0.0677966101694915,9.5714,14,0,False,0.4012,Moderate
code_0398,122,81,2.5,3,4,0,2,1.2857,0.1557377049180328,5.8571,7,0,False,0.3751,Moderate
code_0399,63,47,3.0,4,4,0,4,1.8333,0.0952380952380952,8.1111,9,0,False,0.4327,Moderate
code_0400,53,42,5.0,5,1,0,2,1.25,0.0377358490566037,8.1667,6,0,False,0.5456,Moderate
code_0401,102,74,1.75,3,4,0,2,1.25,0.1176470588235294,12.0,14,0,False,0.2666,Good
code_0402,69,42,2.333333333333333,4,3,0,1,1.0,0.2028985507246377,10.125,8,0,False,0.237,Good
code_0403,164,126,1.875,2,8,0,1,1.0,0.1158536585365853,10.9,10,0,False,0.2839,Good
code_0404,131,88,3.1666666666666665,4,5,1,2,1.4444,0.1297709923664122,9.0833,12,0,False,0.4139,Moderate
code_0405,94,61,2.0,3,4,0,2,1.3333,0.1276595744680851,6.1429,7,0,False,0.3155,Good
code_0406,104,88,2.0,3,7,1,4,1.6,0.048076923076923,7.3333,6,0,False,0.3909,Moderate
code_0407,142,85,1.6666666666666667,2,6,0,2,1.3,0.1901408450704225,7.4545,11,0,False,0.277,Good
code_0408,104,75,2.0,4,8,1,2,1.5,0.0865384615384615,6.0,6,0,False,0.3273,Good
code_0409,108,85,1.375,2,7,1,2,1.125,0.1018518518518518,10.7059,17,0,False,0.2076,Good
code_0410,88,65,2.6666666666666665,5,5,1,4,2.0,0.125,7.7778,9,0,False,0.4367,Moderate
code_0411,73,47,2.0,2,1,0,3,2.0,0.1780821917808219,7.5556,9,0,False,0.3071,Good
code_0412,106,85,1.375,2,8,0,1,1.0,0.0566037735849056,7.25,16,0,False,0.2209,Good
code_0413,96,77,1.4444444444444444,3,9,0,2,1.2,0.0833333333333333,8.2308,13,0,False,0.2438,Good
code_0414,138,115,2.7,9,10,0,4,1.75,0.0652173913043478,14.1429,7,0,False,0.5345,Moderate
code_0415,85,55,2.0,2,4,0,2,1.25,0.2,4.6667,6,0,False,0.2684,Good
code_0416,111,60,1.4285714285714286,3,7,0,1,1.0,0.2432432432432432,7.9167,12,0,False,0.1713,Good
code_0417,54,35,1.0,1,0,0,0,0.0,0.1851851851851851,5.9091,11,0,False,0.0821,Good
code_0418,95,64,1.0,1,0,0,0,0.0,0.1684210526315789,9.3571,14,0,False,0.1126,Good
code_0419,119,83,1.0,1,0,0,0,0.0,0.1596638655462184,12.9444,18,0,False,0.1178,Good
code_0420,104,69,2.0,3,5,0,2,1.4,0.25,8.2353,17,0,False,0.2543,Good
code_0421,119,70,1.0,1,0,0,1,1.0,0.2352941176470588,6.8824,17,0,False,0.1793,Good
code_0422,78,46,1.0,1,0,0,1,1.0,0.2179487179487179,5.6,15,0,False,0.1473,Good
code_0423,113,79,1.0,1,0,0,1,1.0,0.1415929203539823,7.1176,17,0,False,0.212,Good
code_0424,91,57,2.0,2,2,0,1,1.0,0.1868131868131868,9.3,10,0,False,0.222,Good
code_0426,178,107,2.2857142857142856,3,7,0,2,1.2222,0.2022471910112359,9.4545,33,0,False,0.3347,Good
code_0427,91,34,1.0,1,4,0,1,1.0,0.5054945054945055,8.75,4,0,False,0.0,Good
code_0428,110,88,2.5,4,8,0,3,1.4615,0.0727272727272727,5.125,8,0,False,0.426,Moderate
code_0429,83,65,3.0,5,4,1,3,1.625,0.108433734939759,5.4444,9,0,False,0.4475,Moderate
code_0430,120,66,2.4,4,5,0,2,1.5,0.25,7.5,12,0,False,0.3233,Good
code_0431,81,54,1.8,2,5,0,1,1.0,0.1604938271604938,12.1111,18,0,False,0.157,Good
code_0432,70,51,2.0,3,3,2,2,1.25,0.1571428571428571,7.3846,13,0,False,0.2444,Good
code_0433,86,66,3.2,7,4,1,5,2.0,0.1162790697674418,6.4,5,0,False,0.565,Moderate
code_0434,218,158,1.8571428571428568,4,9,5,2,1.3636,0.1422018348623853,6.96,25,0,False,0.3596,Moderate
code_0435,104,73,1.7777777777777777,4,8,1,2,1.5,0.0865384615384615,6.9,10,0,False,0.3017,Good
code_0436,133,74,1.0,1,2,0,1,1.0,0.2330827067669172,9.9091,22,0,False,0.1519,Good
code_0437,106,57,2.5,3,3,1,2,1.5,0.2358490566037736,7.8571,7,0,False,0.3021,Good
code_0438,95,66,4.0,7,3,0,5,2.3333,0.1473684210526315,5.1818,11,0,False,0.6459,Bad
code_0439,122,90,1.6363636363636365,3,7,4,2,1.1667,0.1311475409836065,6.4545,22,0,False,0.2378,Good
code_0440,128,86,6.25,7,4,0,2,1.5833,0.15625,7.1,10,0,False,0.7018,Bad
code_0441,198,133,3.75,9,8,0,3,1.5,0.1616161616161616,10.9706,34,0,False,0.6124,Bad
code_0442,69,49,3.0,3,1,0,2,1.3333,0.1304347826086956,7.0833,12,0,False,0.3644,Moderate
code_0443,97,78,2.5,3,2,0,2,1.25,0.0824742268041237,9.6875,16,0,False,0.3583,Moderate
code_0444,80,59,3.0,7,4,0,4,1.875,0.1375,8.2143,14,0,False,0.4942,Moderate
code_0445,112,87,2.25,3,4,0,2,1.3333,0.1160714285714285,7.7143,7,0,False,0.3555,Moderate
code_0446,111,75,2.0,4,4,2,3,1.5714,0.1621621621621621,5.0,12,0,False,0.3593,Moderate
code_0447,102,70,1.0,1,1,0,3,2.0,0.1372549019607843,8.5909,22,0,False,0.2574,Good
code_0448,91,66,2.0,2,1,0,3,1.6667,0.1538461538461538,9.2727,11,0,False,0.3217,Good
code_0449,107,76,3.333333333333333,6,5,1,3,1.5,0.1495327102803738,7.8636,22,0,False,0.4622,Moderate
code_0450,125,82,1.8333333333333333,3,6,0,2,1.3333,0.12,4.8,10,0,False,0.3381,Good
code_0451,92,63,2.6666666666666665,4,3,0,3,1.5714,0.1630434782608695,7.9524,21,0,False,0.3843,Moderate
code_0452,88,56,3.0,4,2,0,3,1.5,0.1590909090909091,7.5,14,0,False,0.4153,Moderate
code_0453,80,66,3.0,4,2,0,3,1.75,0.05,7.3846,13,0,False,0.4611,Moderate
code_0454,286,172,2.2,4,5,0,3,1.6,0.2062937062937063,8.7609,46,0,False,0.5275,Moderate
code_0455,103,75,1.25,2,4,0,3,1.6667,0.116504854368932,7.3571,14,0,False,0.2897,Good
code_0456,130,76,1.4285714285714286,2,7,1,2,1.3333,0.2230769230769231,8.7857,14,0,False,0.2011,Good
code_0457,73,46,3.2,6,4,1,1,1.0,0.2465753424657534,9.4,5,0,False,0.3098,Good
code_0458,82,58,2.571428571428572,5,6,1,2,1.3333,0.1585365853658536,7.2727,11,0,False,0.3284,Good
code_0459,105,82,1.4444444444444444,3,9,3,2,1.1429,0.0952380952380952,6.2941,17,0,False,0.2209,Good
code_0460,121,88,2.4,4,5,0,3,1.6923,0.1157024793388429,7.087,23,0,False,0.4152,Moderate
code_0461,104,82,2.0,3,5,0,1,1.0,0.0769230769230769,7.5,18,0,False,0.291,Good
code_0462,136,94,2.4,3,5,0,1,1.0,0.1470588235294117,11.5714,7,0,False,0.3046,Good
code_0463,96,85,3.0,8,7,1,7,2.3889,0.0,5.7143,7,0,False,0.6826,Bad
code_0464,98,68,1.7272727272727273,4,9,2,1,1.0,0.1530612244897959,8.1111,9,0,False,0.196,Good
code_0465,112,78,1.6666666666666667,2,3,0,2,1.6667,0.2410714285714285,8.8182,11,0,False,0.2501,Good
code_0466,96,67,3.4,5,4,1,2,1.4286,0.1770833333333333,8.6667,9,0,False,0.4024,Moderate
code_0467,116,70,2.0,2,3,0,2,1.3333,0.1896551724137931,8.7273,11,0,False,0.283,Good
code_0468,61,35,2.0,3,4,1,1,1.0,0.1967213114754098,6.0,5,0,False,0.1987,Good
code_0469,163,103,2.4545454545454546,9,11,0,7,2.4667,0.2392638036809816,7.6875,16,0,False,0.6082,Bad
code_0470,114,71,1.0,1,5,0,2,1.1667,0.3157894736842105,10.5333,15,0,False,0.115,Good
code_0471,130,97,1.6875,3,14,2,2,1.25,0.0846153846153846,8.125,8,0,False,0.2399,Good
code_0472,67,48,2.0,3,7,0,2,1.1429,0.1492537313432835,4.5556,9,0,False,0.2592,Good
code_0474,117,77,1.3125,2,15,3,3,1.5,0.1623931623931624,7.3333,9,0,False,0.1639,Good
code_0475,124,99,1.6666666666666667,3,8,1,2,1.1667,0.1048387096774193,5.0714,14,0,False,0.3046,Good
code_0476,101,60,3.0,7,4,0,3,1.8889,0.2277227722772277,9.5,18,0,False,0.4367,Moderate
code_0477,86,58,2.75,5,4,0,4,1.75,0.2325581395348837,9.75,12,0,False,0.396,Moderate
code_0478,112,82,2.7142857142857144,6,6,1,3,1.7,0.1160714285714285,10.3684,19,0,False,0.4215,Moderate
code_0479,131,77,2.0,2,3,0,5,2.25,0.1984732824427481,12.4167,12,0,False,0.3789,Moderate
code_0480,123,93,2.0,4,6,1,1,1.0,0.08130081300813,8.25,12,0,False,0.31,Good
code_0481,93,60,3.25,5,4,0,2,1.4444,0.1827956989247312,7.4286,21,0,False,0.3967,Moderate
code_0482,120,84,3.2,5,5,0,4,1.75,0.1416666666666666,10.0,14,0,False,0.4918,Moderate
code_0483,81,65,3.5,7,4,0,4,2.0909,0.0987654320987654,6.2759,29,0,False,0.5524,Moderate
code_0484,85,59,2.25,3,4,0,2,1.1667,0.1764705882352941,11.3333,9,0,False,0.2617,Good
code_0485,116,81,2.090909090909091,5,9,2,2,1.25,0.146551724137931,6.4375,16,0,False,0.3076,Good
code_0486,101,61,1.0,1,0,0,3,2.0,0.2079207920792079,5.9706,34,0,False,0.2432,Good
code_0487,45,26,4.0,4,1,0,2,1.6667,0.1777777777777777,4.4444,9,0,False,0.4268,Moderate
code_0488,41,26,2.0,2,1,0,2,1.5,0.1707317073170731,13.1429,7,0,False,0.1891,Good
code_0489,52,28,2.0,2,1,0,1,1.0,0.2307692307692307,6.0,6,0,False,0.191,Good
code_0490,37,28,5.0,5,1,0,4,2.5,0.1621621621621621,3.0,1,0,False,0.6074,Bad
code_0491,42,25,2.0,2,1,0,1,1.0,0.1904761904761904,7.7143,7,0,False,0.1818,Good
code_0492,79,45,1.6666666666666667,2,3,0,1,1.0,0.2025316455696202,4.4444,9,0,False,0.2059,Good
code_0493,52,30,1.5,2,2,0,1,1.0,0.2307692307692307,11.0,10,0,False,0.1111,Good
code_0494,93,45,4.0,4,1,0,2,1.4,0.2795698924731182,9.0,10,0,False,0.4019,Moderate
code_0495,46,32,4.0,4,1,0,2,1.25,0.108695652173913,8.6667,3,0,False,0.4213,Moderate
code_0496,74,47,3.0,3,1,0,2,1.5,0.1621621621621621,5.7059,17,0,False,0.3656,Moderate
code_0497,44,26,3.0,3,1,0,2,1.5,0.2045454545454545,3.5,8,0,False,0.3355,Good
code_0498,41,24,2.0,2,1,0,1,1.0,0.1951219512195122,11.2857,7,0,False,0.1521,Good
code_0499,85,45,1.0,1,0,0,3,2.0,0.2470588235294117,6.5517,29,0,False,0.2053,Good
code_0500,44,29,3.0,3,1,0,2,1.25,0.1590909090909091,7.5,4,0,False,0.3222,Good
code_0501,80,46,4.0,4,1,0,3,1.8,0.2,7.5625,16,0,False,0.4651,Moderate
code_0503,139,107,1.5,2,8,0,1,1.0,0.1151079136690647,12.7778,9,0,False,0.2136,Good
code_0504,97,52,1.2857142857142858,3,7,0,1,1.0,0.2886597938144329,9.1667,12,0,False,0.1194,Good
code_0505,78,37,1.25,2,5,1,1,1.0,0.2948717948717949,8.4444,9,0,False,0.0805,Good
code_0506,62,35,2.5,3,2,0,2,1.2,0.2580645161290322,4.1667,6,0,False,0.2866,Good
code_0507,202,158,2.0,2,6,0,2,1.4167,0.1039603960396039,10.2857,7,0,False,0.4102,Moderate
code_0508,113,64,1.3333333333333333,2,2,1,2,1.6667,0.2212389380530973,6.75,16,0,False,0.234,Good
code_0509,77,44,1.0,1,1,0,1,1.0,0.2207792207792207,9.1818,11,0,False,0.1128,Good
code_0510,69,48,2.0,2,2,0,1,1.0,0.1159420289855072,5.4667,15,0,False,0.2482,Good
code_0512,119,84,1.5,2,6,2,2,1.25,0.1176470588235294,7.0435,23,0,False,0.2386,Good
code_0513,70,49,1.3333333333333333,2,2,1,1,1.0,0.1714285714285714,9.0,7,0,False,0.1528,Good
code_0514,48,32,4.0,4,1,0,3,1.75,0.1458333333333333,8.2857,7,0,False,0.4499,Moderate
code_0515,53,38,4.0,4,1,0,3,1.75,0.1132075471698113,8.6,5,0,False,0.4689,Moderate
code_0516,53,34,2.5,3,2,0,2,1.3333,0.1320754716981132,5.4286,7,0,False,0.3167,Good
code_0517,37,22,2.0,2,1,0,1,1.0,0.1891891891891892,14.75,4,0,False,0.1262,Good
code_0518,64,42,3.0,3,1,0,1,1.0,0.1875,10.0,3,0,False,0.2833,Good
code_0519,80,52,2.333333333333333,4,3,0,3,1.6,0.1625,5.5,4,0,False,0.3781,Moderate
code_0520,101,70,3.6666666666666665,7,3,0,3,1.75,0.1485148514851485,6.2,20,0,False,0.5434,Moderate
code_0521,66,41,7.0,7,1,0,6,3.1429,0.1969696969696969,6.7143,7,0,False,0.8394,Bad
code_0522,81,51,2.333333333333333,3,3,0,1,1.0,0.1604938271604938,7.6667,9,0,False,0.2659,Good
code_0523,65,46,8.0,8,1,0,3,1.75,0.1384615384615384,8.5,12,0,False,0.8106,Bad
code_0524,72,46,4.0,4,2,0,3,1.6667,0.1805555555555555,8.625,16,0,False,0.4468,Moderate
code_0525,72,43,5.0,7,2,0,3,1.5556,0.2361111111111111,7.6667,6,0,False,0.5621,Moderate
code_0526,52,35,3.0,3,2,0,2,1.6667,0.173076923076923,5.4167,12,0,False,0.3372,Good
code_0527,51,34,2.0,2,2,0,1,1.0,0.1372549019607843,8.6667,6,0,False,0.2,Good
code_0528,72,53,2.375,4,7,1,2,1.3333,0.1111111111111111,10.25,12,0,False,0.2706,Good
code_0529,86,52,2.5,6,4,0,1,1.0,0.1627906976744186,11.3333,12,0,False,0.3021,Good
code_0530,93,56,6.0,6,1,0,3,1.8,0.1827956989247312,7.2069,29,0,False,0.6511,Bad
code_0531,67,41,3.0,3,2,0,2,1.4,0.1492537313432835,8.3333,9,0,False,0.3374,Good
code_0532,76,46,1.25,2,4,0,1,1.0,0.1710526315789473,8.6667,6,0,False,0.1511,Good
code_0533,151,98,3.4285714285714284,6,7,0,4,2.0,0.1854304635761589,7.1765,17,0,False,0.5531,Moderate
code_0534,135,60,6.0,6,2,0,3,1.75,0.3037037037037037,7.2857,21,0,False,0.6419,Bad
code_0535,88,52,2.0,2,3,0,2,1.4286,0.1931818181818181,6.5714,7,0,False,0.2682,Good
code_0536,91,62,2.75,6,4,0,1,1.0,0.1428571428571428,7.2727,11,0,False,0.3672,Moderate
code_0537,73,45,1.6666666666666667,3,3,0,2,1.3333,0.1917808219178082,6.5,14,0,False,0.2425,Good
code_0538,129,90,7.5,9,2,0,3,1.8667,0.1627906976744186,5.9318,44,0,False,0.8578,Bad
code_0539,82,50,2.6666666666666665,4,3,0,2,1.1667,0.1585365853658536,8.5,8,0,False,0.3369,Good
code_0540,82,53,3.0,6,3,0,2,1.5714,0.1585365853658536,6.9091,11,0,False,0.4176,Moderate
code_0541,77,57,3.0,3,1,0,2,1.3333,0.1168831168831168,8.6,5,0,False,0.3753,Moderate
code_0542,98,66,2.857142857142857,5,7,0,4,1.6364,0.0918367346938775,7.8571,7,0,False,0.461,Moderate
code_0543,106,80,1.7142857142857142,3,3,6,2,1.3333,0.1132075471698113,7.2353,17,0,False,0.2371,Good
code_0544,79,63,2.2,3,4,1,1,1.0,0.050632911392405,8.8,10,0,False,0.2724,Good
code_0546,98,77,1.8571428571428568,3,5,2,2,1.4,0.1122448979591836,11.8,10,0,False,0.2476,Good
code_0547,109,64,3.25,4,4,0,2,1.375,0.2201834862385321,14.5,6,0,False,0.3374,Good
code_0548,118,82,1.5,3,4,0,2,1.3333,0.1271186440677966,11.0,11,0,False,0.2767,Good
code_0549,149,109,2.5,3,3,1,2,1.5,0.1543624161073825,11.625,16,0,False,0.3648,Moderate
code_0550,126,82,1.7222222222222223,3,12,6,2,1.375,0.1746031746031746,9.625,8,0,False,0.1519,Good
code_0551,93,69,2.5,4,2,0,3,2.0,0.1290322580645161,10.2667,15,0,False,0.3945,Moderate
code_0552,154,115,2.2,4,13,2,3,1.2857,0.1168831168831168,8.6,15,0,False,0.343,Good
code_0553,96,61,3.0,3,2,0,2,1.5714,0.1875,12.8571,7,0,False,0.3318,Good
code_0554,90,63,3.0,3,2,0,2,1.4,0.1444444444444444,10.1818,11,0,False,0.3568,Moderate
code_0555,178,123,2.076923076923077,3,11,2,2,1.1,0.1404494382022472,12.5,4,0,False,0.2932,Good
code_0556,60,38,2.0,2,4,0,1,1.0,0.2166666666666666,10.25,8,0,False,0.1519,Good
code_0557,77,54,4.0,4,1,0,2,1.3333,0.1168831168831168,7.9231,13,0,False,0.4573,Moderate
code_0558,92,79,3.0,4,2,0,3,1.6,0.0217391304347826,8.5714,14,0,False,0.4768,Moderate
code_0561,48,31,2.5,3,2,0,2,1.3333,0.1875,12.5714,7,0,False,0.2373,Good
code_0562,38,27,3.0,3,1,0,2,1.3333,0.131578947368421,12.3333,6,0,False,0.29,Good
code_0563,95,62,1.6666666666666667,2,3,0,1,1.0,0.1789473684210526,7.7391,23,0,False,0.2028,Good
code_0564,84,59,1.6,2,5,0,2,1.2,0.119047619047619,7.0,11,0,False,0.2428,Good
code_0565,59,42,1.5,2,2,0,1,1.0,0.135593220338983,11.7143,7,0,False,0.156,Good
code_0566,63,46,3.5,4,2,0,3,1.6667,0.1587301587301587,9.0909,11,0,False,0.4149,Moderate
code_0567,48,32,1.3333333333333333,2,3,0,1,1.0,0.1458333333333333,6.1667,6,0,False,0.1601,Good
code_0568,71,53,2.25,3,4,0,2,1.3333,0.0985915492957746,7.0,12,0,False,0.3077,Good
code_0569,78,51,2.0,3,4,0,2,1.2,0.1794871794871795,7.5385,13,0,False,0.2591,Good
code_0570,54,32,2.0,2,1,0,1,1.0,0.2222222222222222,14.1429,7,0,False,0.1369,Good
code_0571,78,48,2.0,2,2,0,1,1.0,0.2051282051282051,7.3333,6,0,False,0.2167,Good
code_0572,61,34,1.0,1,1,0,0,0.0,0.2295081967213114,9.1111,9,0,False,0.0411,Good
code_0573,75,48,2.333333333333333,3,3,0,1,1.0,0.1866666666666666,5.3846,13,0,False,0.2633,Good
code_0574,64,37,1.6666666666666667,2,2,1,1,1.0,0.21875,5.875,8,0,False,0.1675,Good
code_0575,71,41,2.0,2,3,0,2,1.2,0.2394366197183098,6.0,8,0,False,0.229,Good
code_0576,72,48,2.0,2,2,0,1,1.0,0.125,6.2222,9,0,False,0.2466,Good
code_0577,60,38,2.0,2,1,0,1,1.0,0.2,11.2222,9,0,False,0.1739,Good
code_0578,78,53,2.5,3,2,0,2,1.25,0.141025641025641,7.2941,17,0,False,0.3226,Good
code_0579,51,30,1.5,2,1,1,1,1.0,0.2156862745098039,5.2,5,0,False,0.1578,Good
code_0580,51,28,3.0,3,1,0,1,1.0,0.2352941176470588,8.1667,6,0,False,0.2576,Good
code_0581,74,50,2.5,4,2,0,1,1.0,0.1351351351351351,8.8,10,0,False,0.2979,Good
code_0582,77,53,2.333333333333333,3,3,0,2,1.3333,0.1948051948051948,8.0,10,0,False,0.2854,Good
code_0583,66,41,5.0,5,1,0,3,2.0,0.1818181818181818,4.6,10,0,False,0.5729,Moderate
code_0584,51,31,1.5,2,1,1,1,1.0,0.2156862745098039,5.2,5,0,False,0.1584,Good
code_0585,66,41,2.333333333333333,4,3,0,3,1.6,0.1818181818181818,7.4286,7,0,False,0.3358,Good
code_0586,71,57,2.6666666666666665,4,3,0,2,1.4,0.028169014084507,10.8889,9,0,False,0.3654,Moderate
code_0587,92,71,2.0,3,4,0,2,1.2,0.0652173913043478,10.0,17,0,False,0.3032,Good
code_0588,103,86,2.6,3,5,0,2,1.4,0.0388349514563106,9.5833,12,0,False,0.3738,Moderate
code_0590,58,44,3.0,4,2,0,1,1.0,0.0517241379310344,10.3,10,0,False,0.3326,Good
code_0591,94,75,1.75,2,4,0,1,1.0,0.0744680851063829,12.1538,13,0,False,0.2205,Good
code_0592,70,51,3.0,4,2,0,2,1.25,0.1428571428571428,12.7143,14,0,False,0.3285,Good
code_0593,65,42,2.333333333333333,3,2,1,2,1.3333,0.1692307692307692,10.1818,11,0,False,0.2556,Good
code_0594,55,36,2.0,2,2,0,1,1.0,0.1818181818181818,10.75,8,0,False,0.1713,Good
code_0595,97,60,3.333333333333333,4,3,0,3,1.625,0.2164948453608247,13.7692,13,0,False,0.3751,Moderate
code_0596,77,59,3.0,3,3,0,2,1.4286,0.0649350649350649,16.1429,7,0,False,0.3236,Good
code_0597,88,59,5.0,5,1,0,3,1.75,0.1590909090909091,13.15,20,0,False,0.5341,Moderate
code_0598,67,42,2.25,3,3,1,2,1.25,0.1940298507462686,7.7273,11,0,False,0.2515,Good
code_0599,69,48,1.3333333333333333,2,3,0,1,1.0,0.1014492753623188,12.7143,7,0,False,0.1542,Good
code_0600,81,53,2.0,3,3,0,2,1.25,0.1604938271604938,12.6,10,0,False,0.2435,Good
code_0601,124,82,1.2222222222222223,3,6,3,1,1.0,0.1774193548387097,7.3333,15,0,False,0.1768,Good
code_0602,63,50,1.6666666666666667,2,3,0,1,1.0,0.0634920634920634,8.6364,11,0,False,0.2132,Good
code_0603,61,45,1.25,2,4,0,1,1.0,0.1475409836065573,11.3333,15,0,False,0.1194,Good
code_0604,73,44,1.1666666666666667,2,6,0,1,1.0,0.2465753424657534,7.8889,9,0,False,0.102,Good
code_0605,93,64,1.6,3,5,0,2,1.25,0.1505376344086021,9.1667,12,0,False,0.2458,Good
code_0606,101,68,1.0909090909090908,2,10,1,1,1.0,0.1584158415841584,9.5714,7,0,False,0.1115,Good
code_0607,75,42,8.0,8,1,0,8,4.5,0.28,9.0909,11,0,False,0.9706,Bad
code_0608,95,80,3.0,3,3,0,2,1.5,0.0421052631578947,15.2353,17,0,False,0.3603,Moderate
code_0609,144,96,2.25,3,4,0,1,1.0,0.1666666666666666,11.3939,33,0,False,0.2842,Good
code_0610,92,68,2.5,3,4,0,2,1.25,0.1847826086956521,12.8235,17,0,False,0.2707,Good
code_0611,103,74,1.2857142857142858,2,7,0,1,1.0,0.1650485436893204,8.4167,12,0,False,0.1688,Good
code_0612,73,45,4.0,4,1,0,3,2.0,0.2191780821917808,8.5,18,0,False,0.4471,Moderate
code_0613,148,115,2.0,3,7,1,1,1.0,0.1081081081081081,13.0,11,0,False,0.2727,Good
code_0614,71,38,2.0,2,2,0,1,1.0,0.2253521126760563,8.1667,6,0,False,0.1911,Good
code_0615,102,73,1.5714285714285714,2,6,1,1,1.0,0.1274509803921568,10.4615,13,0,False,0.1786,Good
code_0616,99,80,3.125,4,8,0,3,1.4375,0.0606060606060606,7.8333,12,0,False,0.4333,Moderate
code_0617,114,80,1.75,3,4,0,3,1.6667,0.1403508771929824,6.6522,23,0,False,0.3439,Good
code_0619,134,112,3.7142857142857135,9,7,0,7,2.381,0.0373134328358208,6.2222,18,0,False,0.7846,Bad
code_0621,91,70,3.333333333333333,4,3,0,9,3.5,0.1428571428571428,9.1111,9,0,False,0.6624,Bad
code_0622,90,63,2.0,3,3,0,3,1.3333,0.1444444444444444,6.8421,19,0,False,0.331,Good
code_0623,110,75,3.0,4,5,0,3,1.6429,0.2,7.2727,11,0,False,0.4138,Moderate
code_0624,117,93,3.142857142857143,8,7,0,6,2.3333,0.0769230769230769,4.9333,15,0,False,0.6675,Bad
code_0625,59,32,1.5,2,2,0,2,1.3333,0.2033898305084746,8.0909,11,0,False,0.1864,Good
code_0626,85,62,7.5,13,2,0,5,2.7273,0.1294117647058823,5.8182,11,0,False,1.0,Bad
code_0627,94,60,3.0,8,4,0,5,2.2222,0.202127659574468,8.0,10,0,False,0.5452,Moderate
code_0628,99,58,2.5,3,4,0,2,1.2857,0.2424242424242424,9.8462,13,0,False,0.2756,Good
code_0629,99,56,3.0,6,4,0,3,1.8571,0.202020202020202,9.1667,12,0,False,0.4288,Moderate
code_0630,81,51,1.6666666666666667,2,3,0,2,1.3333,0.1728395061728395,9.5,14,0,False,0.2178,Good
code_0631,53,34,2.0,2,1,0,1,1.0,0.1509433962264151,12.75,4,0,False,0.1759,Good
code_0632,149,77,1.4,2,5,0,1,1.0,0.2550335570469799,9.0625,32,0,False,0.1795,Good
code_0633,87,67,2.333333333333333,5,6,0,3,1.4444,0.0804597701149425,5.8125,16,0,False,0.4037,Moderate
code_0634,85,56,3.333333333333333,4,3,0,3,1.5,0.1647058823529411,10.4545,11,0,False,0.405,Moderate
code_0635,96,65,3.25,7,4,0,4,2.1,0.1979166666666666,7.5,4,0,False,0.5237,Moderate
code_0636,49,35,2.5,3,2,0,2,1.3333,0.1428571428571428,5.8333,6,0,False,0.3078,Good
code_0637,62,48,3.333333333333333,6,3,0,5,2.375,0.1129032258064516,5.5,8,0,False,0.557,Moderate
code_0638,116,72,2.75,3,4,0,3,1.6,0.1810344827586207,8.4,15,0,False,0.3834,Moderate
code_0639,72,41,1.3333333333333333,3,6,0,2,1.3333,0.2222222222222222,6.4,5,0,False,0.1903,Good
code_0640,68,42,1.6,2,4,1,1,1.0,0.1764705882352941,3.5,2,0,False,0.1914,Good
code_0641,80,48,2.5,5,4,0,3,1.625,0.2375,7.8571,7,0,False,0.3516,Moderate
code_0642,70,42,2.0,2,2,0,2,1.25,0.2428571428571428,6.2857,7,0,False,0.2352,Good
code_0643,85,45,2.333333333333333,3,3,0,2,1.25,0.2352941176470588,6.125,8,0,False,0.2864,Good
code_0644,63,44,1.0,1,0,0,5,3.0,0.1746031746031746,7.5,10,0,False,0.3021,Good
code_0645,74,54,2.5,6,5,1,4,2.1667,0.0945945945945946,4.2,5,0,False,0.4711,Moderate
code_0646,72,49,6.0,6,1,0,2,1.25,0.125,8.3,10,0,False,0.6153,Bad
code_0647,107,82,2.0,3,2,0,2,1.3333,0.102803738317757,9.2,5,0,False,0.3432,Good
code_0648,54,36,3.0,3,1,0,2,1.3333,0.1481481481481481,9.25,8,0,False,0.3244,Good
code_0649,121,99,3.0,4,5,0,4,1.8571,0.0578512396694214,6.0909,11,0,False,0.5332,Moderate
code_0650,104,85,2.8,3,5,0,2,1.5385,0.0769230769230769,10.7143,14,0,False,0.3661,Moderate
code_0651,118,82,4.0,8,4,0,5,2.0,0.1610169491525423,8.4615,13,0,False,0.6491,Bad
code_0652,68,53,2.0,2,5,0,1,1.0,0.1029411764705882,8.8333,6,0,False,0.2133,Good
code_0653,91,57,2.0,3,4,1,2,1.1667,0.1758241758241758,9.0909,22,0,False,0.2426,Good
code_0654,86,59,4.0,4,1,0,2,1.6667,0.1162790697674418,9.9375,16,0,False,0.4576,Moderate
code_0655,99,63,2.0,2,3,0,1,1.0,0.202020202020202,12.8889,9,0,False,0.1931,Good
code_0656,115,83,4.0,10,4,0,5,2.3846,0.2,7.75,12,0,False,0.6863,Bad
code_0657,82,56,3.5,5,4,0,3,1.6,0.2073170731707317,5.9,10,0,False,0.4463,Moderate
code_0658,127,78,4.5,6,4,0,4,1.9412,0.1968503937007874,12.1364,22,0,False,0.5684,Moderate
code_0659,162,99,2.4285714285714284,3,7,0,2,1.3333,0.1975308641975308,8.7391,23,0,False,0.343,Good
code_0660,113,75,2.0,2,4,0,1,1.0,0.2212389380530973,11.7,10,0,False,0.2054,Good
code_0661,45,31,4.0,4,1,0,1,1.0,0.1333333333333333,13.3333,3,0,False,0.3405,Good
code_0662,52,35,2.5,4,2,0,1,1.0,0.0961538461538461,8.0,3,0,False,0.2958,Good
code_0663,150,84,1.0,1,0,0,3,2.0,0.2066666666666666,6.75,32,0,False,0.295,Good
code_0664,70,40,2.0,3,2,0,2,1.5,0.2142857142857142,6.4167,24,0,False,0.2546,Good
code_0665,62,38,4.0,4,1,0,3,2.0,0.1612903225806451,7.2667,15,0,False,0.4661,Moderate
code_0666,49,31,2.0,2,1,0,1,1.0,0.1632653061224489,7.75,4,0,False,0.2034,Good
code_0667,68,37,2.0,2,2,0,1,1.0,0.1911764705882352,8.2222,9,0,False,0.1976,Good
code_0668,82,40,4.0,4,1,0,3,2.0,0.2560975609756097,7.0476,21,0,False,0.4467,Moderate
code_0669,162,74,1.1428571428571428,2,11,0,1,1.0,0.2839506172839506,9.1538,13,0,False,0.1279,Good
code_0670,114,69,5.0,6,2,0,5,2.625,0.1403508771929824,6.92,25,0,False,0.702,Bad
code_0671,111,84,1.5714285714285714,3,6,1,2,1.25,0.1351351351351351,4.6923,13,0,False,0.2884,Good
code_0672,54,36,1.0,1,0,0,1,1.0,0.1851851851851851,11.8,5,0,False,0.0946,Good
code_0673,66,37,6.0,6,1,0,3,2.2,0.2121212121212121,7.0,10,0,False,0.6308,Bad
code_0674,84,50,1.0,1,6,0,0,0.0,0.238095238095238,9.4286,7,0,False,0.0266,Good
code_0675,45,28,2.0,2,1,0,1,1.0,0.1555555555555555,9.2,5,0,False,0.1894,Good
code_0676,152,109,1.8333333333333333,2,6,0,2,1.25,0.0986842105263157,1.0,1,0,False,0.3993,Moderate
code_0677,92,72,1.2,2,5,1,1,1.0,0.108695652173913,6.9167,12,0,False,0.1872,Good
code_0678,114,84,1.6666666666666667,3,7,2,2,1.1667,0.1052631578947368,6.0667,15,0,False,0.2734,Good
code_0679,104,70,2.0,2,4,0,1,1.0,0.1442307692307692,16.0,10,0,False,0.1906,Good
code_0680,55,35,1.5,2,2,0,1,1.0,0.2,10.4444,9,0,False,0.1328,Good
code_0681,140,81,2.333333333333333,4,6,0,3,1.7,0.2285714285714285,7.6429,14,0,False,0.3768,Moderate
code_0682,108,69,2.25,4,4,0,1,1.0,0.2037037037037037,8.7222,18,0,False,0.2753,Good
code_0683,167,128,1.411764705882353,4,10,7,2,1.1429,0.0898203592814371,7.1739,23,0,False,0.2493,Good
code_0684,167,113,1.0,1,5,0,1,1.0,0.1616766467065868,6.6,5,0,False,0.2448,Good
code_0685,147,83,1.6666666666666667,3,7,0,2,1.2,0.2585034013605442,10.619,21,0,False,0.2333,Good
code_0686,83,49,2.4,4,4,1,3,1.8333,0.2771084337349397,5.7143,7,0,False,0.3213,Good
code_0687,216,135,1.9090909090909087,3,8,3,2,1.2727,0.2268518518518518,7.1667,18,0,False,0.3332,Good
code_0688,146,108,1.4285714285714286,4,9,5,2,1.1667,0.1232876712328767,6.8,20,0,False,0.248,Good
code_0689,326,298,2.0,2,7,0,1,1.0,0.0521472392638036,4.2857,7,0,False,0.6174,Bad
code_0690,89,55,1.0,1,0,0,4,2.2857,0.247191011235955,6.5333,15,0,False,0.2625,Good
code_0691,180,149,3.3125,14,12,4,7,3.04,0.0722222222222222,9.2,15,0,False,0.8068,Bad
code_0692,107,74,3.25,5,4,0,3,1.625,0.0934579439252336,7.4,15,0,False,0.4888,Moderate
code_0693,132,79,1.5555555555555556,3,9,0,2,1.1667,0.2348484848484848,7.5556,18,0,False,0.228,Good
code_0694,109,87,1.4444444444444444,3,5,4,1,1.0,0.073394495412844,7.1,20,0,False,0.2122,Good
code_0695,132,93,2.4,4,9,1,3,1.5714,0.1893939393939394,8.6875,16,0,False,0.347,Good
code_0696,129,98,2.272727272727273,7,10,1,4,1.8462,0.0697674418604651,7.5,4,0,False,0.4882,Moderate
code_0697,127,82,2.75,4,4,0,2,1.2222,0.1968503937007874,6.4583,24,0,False,0.3817,Moderate
code_0699,149,110,3.111111111111111,8,7,2,4,2.4286,0.1140939597315436,8.0909,22,0,False,0.5749,Moderate
code_0700,104,66,2.75,4,4,0,3,1.625,0.2115384615384615,7.0,17,0,False,0.3875,Moderate
code_0701,141,84,1.7142857142857142,2,7,0,1,1.0,0.2198581560283688,8.2222,18,0,False,0.2119,Good
code_0702,166,113,1.2307692307692308,3,10,3,1,1.0,0.1626506024096385,7.0,21,0,False,0.2031,Good
code_0703,70,60,2.6666666666666665,3,3,0,1,1.0,0.0428571428571428,6.8,10,0,False,0.3324,Good
code_0704,90,70,1.5,3,4,0,2,1.3333,0.0555555555555555,7.25,12,0,False,0.2988,Good
code_0705,74,62,2.25,3,4,0,2,1.4286,0.0135135135135135,9.6111,18,0,False,0.3243,Good
code_0706,62,48,3.333333333333333,4,3,0,3,1.5714,0.032258064516129,7.5714,14,0,False,0.4493,Moderate
code_0707,111,86,2.25,4,4,0,3,1.5,0.081081081081081,7.5455,11,0,False,0.4185,Moderate
code_0708,76,45,2.333333333333333,3,2,1,2,1.5,0.1842105263157894,8.625,8,0,False,0.2787,Good
code_0709,83,60,1.75,2,4,0,1,1.0,0.1325301204819277,6.0,8,0,False,0.2307,Good
code_0710,123,90,3.25,8,4,0,3,1.5,0.1138211382113821,9.8125,16,0,False,0.5424,Moderate
code_0711,78,57,3.0,5,3,0,2,1.2,0.0769230769230769,11.6364,11,0,False,0.3839,Moderate
code_0712,122,82,6.5,14,3,1,3,1.375,0.1557377049180328,9.5294,17,0,False,0.8459,Bad
code_0713,109,58,2.0,2,2,0,1,1.0,0.2477064220183486,9.6842,19,0,False,0.2057,Good
code_0714,101,68,2.6666666666666665,4,3,0,2,1.2,0.1584158415841584,7.4286,14,0,False,0.3679,Moderate
code_0715,125,87,2.4,4,5,0,2,1.1429,0.136,6.6364,11,0,False,0.3817,Moderate
code_0716,75,63,4.333333333333333,7,3,0,4,2.0,0.0266666666666666,7.4,10,0,False,0.6397,Bad
code_0717,79,60,3.1666666666666665,6,5,1,4,1.875,0.1392405063291139,11.4375,16,0,False,0.4379,Moderate
code_0718,118,81,1.25,2,4,0,1,1.0,0.1525423728813559,6.7778,9,0,False,0.2265,Good
code_0719,116,73,1.0,1,0,0,0,0.0,0.146551724137931,11.2222,18,0,False,0.1267,Good
code_0720,164,106,1.6666666666666667,3,3,0,2,1.1,0.1463414634146341,13.3636,11,0,False,0.3199,Good
code_0721,82,48,1.0,1,0,0,4,2.2,0.2073170731707317,9.0,12,0,False,0.2491,Good
code_0722,132,77,1.5,2,4,2,1,1.0,0.2121212121212121,9.375,16,0,False,0.1795,Good
code_0724,99,72,1.0,1,0,0,3,1.4615,0.1414141414141414,9.4737,19,0,False,0.2474,Good
code_0725,129,88,1.0,1,0,1,1,1.0,0.1627906976744186,9.4545,11,0,False,0.1976,Good
code_0726,114,76,2.0,2,3,0,1,1.0,0.1052631578947368,14.4167,12,0,False,0.2351,Good
code_0299,181,139,0.0,0,0,0,0,0.0,0.0994475138121546,0.0,0,0,True,,Unclassified
code_0425,109,71,0.0,0,0,0,0,0.0,0.2018348623853211,0.0,0,0,True,,Unclassified
code_0473,102,78,0.0,0,0,0,0,0.0,0.088235294117647,0.0,0,0,True,,Unclassified
code_0502,14,12,0.0,0,0,0,0,0.0,0.0714285714285714,0.0,0,0,True,,Unclassified
code_0511,192,144,0.0,0,0,0,0,0.0,0.125,0.0,0,0,True,,Unclassified
code_0545,275,215,0.0,0,0,0,0,0.0,0.0472727272727272,0.0,0,0,True,,Unclassified
code_0559,71,53,0.0,0,0,0,0,0.0,0.0985915492957746,0.0,0,0,True,,Unclassified
code_0560,72,50,0.0,0,0,0,0,0.0,0.1111111111111111,0.0,0,0,True,,Unclassified
code_0589,64,45,0.0,0,0,0,0,0.0,0.109375,0.0,0,0,True,,Unclassified
code_0618,105,77,0.0,0,0,0,0,0.0,0.0761904761904762,0.0,0,0,True,,Unclassified
code_0620,85,67,0.0,0,0,0,0,0.0,0.0705882352941176,0.0,0,0,True,,Unclassified
code_0698,258,201,0.0,0,0,0,0,0.0,0.1511627906976744,0.0,0,0,True,,Unclassified
code_0723,113,77,0.0,0,0,0,0,0.0,0.1061946902654867,0.0,0,0,True,,Unclassified
